This is pdfTeX, Version 3.141592653-2.6-1.40.28 (MiKTeX 25.12) (preloaded format=pdflatex 2026.1.3)  21 FEB 2026 13:14
entering extended mode
 restricted \write18 enabled.
 file:line:error style messages enabled.
 %&-line parsing enabled.
**c:/Users/kkwie/OneDrive/Dokumente/Latex/Maschine_Learning/Maschine_Learning/Ferdi/Ferdi.tex
(c:/Users/kkwie/OneDrive/Dokumente/Latex/Maschine_Learning/Maschine_Learning/Ferdi/Ferdi.tex
LaTeX2e <2025-11-01>
L3 programming layer <2025-12-24>
c:/Users/kkwie/OneDrive/Dokumente/Latex/Maschine_Learning/Maschine_Learning/Ferdi/Ferdi.tex:3: Undefined control sequence.
l.3 \section
            {Musikgenerierung mit Transformern}
The control sequence at the end of the top line
of your error message was never \def'ed. If you have
misspelled it (e.g., `\hobx'), type `I' and the correct
spelling (e.g., `I\hbox'). Otherwise just continue,
and I'll forget about whatever was undefined.


c:/Users/kkwie/OneDrive/Dokumente/Latex/Maschine_Learning/Maschine_Learning/Ferdi/Ferdi.tex:3: LaTeX Error: Missing \begin{document}.

See the LaTeX manual or LaTeX Companion for explanation.
Type  H <return>  for immediate help.
 ...                                              
                                                  
l.3 \section{M
              usikgenerierung mit Transformern}
You're in trouble here.  Try typing  <return>  to proceed.
If that doesn't work, type  X <return>  to quit.

Missing character: There is no M in font nullfont!
Missing character: There is no u in font nullfont!
Missing character: There is no s in font nullfont!
Missing character: There is no i in font nullfont!
Missing character: There is no k in font nullfont!
Missing character: There is no g in font nullfont!
Missing character: There is no e in font nullfont!
Missing character: There is no n in font nullfont!
Missing character: There is no e in font nullfont!
Missing character: There is no r in font nullfont!
Missing character: There is no i in font nullfont!
Missing character: There is no e in font nullfont!
Missing character: There is no r in font nullfont!
Missing character: There is no u in font nullfont!
Missing character: There is no n in font nullfont!
Missing character: There is no g in font nullfont!
Missing character: There is no m in font nullfont!
Missing character: There is no i in font nullfont!
Missing character: There is no t in font nullfont!
Missing character: There is no T in font nullfont!
Missing character: There is no r in font nullfont!
Missing character: There is no a in font nullfont!
Missing character: There is no n in font nullfont!
Missing character: There is no s in font nullfont!
Missing character: There is no f in font nullfont!
Missing character: There is no o in font nullfont!
Missing character: There is no r in font nullfont!
Missing character: There is no m in font nullfont!
Missing character: There is no e in font nullfont!
Missing character: There is no r in font nullfont!
Missing character: There is no n in font nullfont!

Overfull \hbox (20.0pt too wide) in paragraph at lines 3--4
[]
 []

c:/Users/kkwie/OneDrive/Dokumente/Latex/Maschine_Learning/Maschine_Learning/Ferdi/Ferdi.tex:5: Undefined control sequence.
l.5 \subsection
               {Einleitung}
The control sequence at the end of the top line
of your error message was never \def'ed. If you have
misspelled it (e.g., `\hobx'), type `I' and the correct
spelling (e.g., `I\hbox'). Otherwise just continue,
and I'll forget about whatever was undefined.


c:/Users/kkwie/OneDrive/Dokumente/Latex/Maschine_Learning/Maschine_Learning/Ferdi/Ferdi.tex:5: LaTeX Error: Missing \begin{document}.

See the LaTeX manual or LaTeX Companion for explanation.
Type  H <return>  for immediate help.
 ...                                              
                                                  
l.5 \subsection{E
                 inleitung}
You're in trouble here.  Try typing  <return>  to proceed.
If that doesn't work, type  X <return>  to quit.

Missing character: There is no E in font nullfont!
Missing character: There is no i in font nullfont!
Missing character: There is no n in font nullfont!
Missing character: There is no l in font nullfont!
Missing character: There is no e in font nullfont!
Missing character: There is no i in font nullfont!
Missing character: There is no t in font nullfont!
Missing character: There is no u in font nullfont!
Missing character: There is no n in font nullfont!
Missing character: There is no g in font nullfont!

Overfull \hbox (20.0pt too wide) in paragraph at lines 5--6
[] 
 []

c:/Users/kkwie/OneDrive/Dokumente/Latex/Maschine_Learning/Maschine_Learning/Ferdi/Ferdi.tex:7: Undefined control sequence.
l.7 \subsection
               {Preprocessing}
The control sequence at the end of the top line
of your error message was never \def'ed. If you have
misspelled it (e.g., `\hobx'), type `I' and the correct
spelling (e.g., `I\hbox'). Otherwise just continue,
and I'll forget about whatever was undefined.


c:/Users/kkwie/OneDrive/Dokumente/Latex/Maschine_Learning/Maschine_Learning/Ferdi/Ferdi.tex:7: LaTeX Error: Missing \begin{document}.

See the LaTeX manual or LaTeX Companion for explanation.
Type  H <return>  for immediate help.
 ...                                              
                                                  
l.7 \subsection{P
                 reprocessing}
You're in trouble here.  Try typing  <return>  to proceed.
If that doesn't work, type  X <return>  to quit.

Missing character: There is no P in font nullfont!
Missing character: There is no r in font nullfont!
Missing character: There is no e in font nullfont!
Missing character: There is no p in font nullfont!
Missing character: There is no r in font nullfont!
Missing character: There is no o in font nullfont!
Missing character: There is no c in font nullfont!
Missing character: There is no e in font nullfont!
Missing character: There is no s in font nullfont!
Missing character: There is no s in font nullfont!
Missing character: There is no i in font nullfont!
Missing character: There is no n in font nullfont!
Missing character: There is no g in font nullfont!
Missing character: There is no F in font nullfont!
LaTeX Font Info:    Trying to load font information for +cmr on input line 8.
LaTeX Font Info:    No file cmr.fd. on input line 8.

LaTeX Font Warning: Font shape `/cmr/m/n' undefined
(Font)              using `/cmr/m/n' instead on input line 8.

c:/Users/kkwie/OneDrive/Dokumente/Latex/Maschine_Learning/Maschine_Learning/Ferdi/Ferdi.tex:8: Corrupted NFSS tables.
wrong@fontshape ...message {Corrupted NFSS tables}
                                                  error@fontshape else let f...
l.8 Fü
       r die Transformer-Architektur passen wir das Preprocessing ein wenig ...
This error message was generated by an \errmessage
command, so I can't give any explicit help.
Pretend that you're Hercule Poirot: Examine all clues,
and deduce the truth by order and method.


LaTeX Font Warning: Font shape `/cmr/m/n' undefined
(Font)              using `OT1/cmr/m/n' instead on input line 8.

Missing character: There is no r in font nullfont!
Missing character: There is no d in font nullfont!
Missing character: There is no i in font nullfont!
Missing character: There is no e in font nullfont!
Missing character: There is no T in font nullfont!
Missing character: There is no r in font nullfont!
Missing character: There is no a in font nullfont!
Missing character: There is no n in font nullfont!
Missing character: There is no s in font nullfont!
Missing character: There is no f in font nullfont!
Missing character: There is no o in font nullfont!
Missing character: There is no r in font nullfont!
Missing character: There is no m in font nullfont!
Missing character: There is no e in font nullfont!
Missing character: There is no r in font nullfont!
Missing character: There is no - in font nullfont!
Missing character: There is no A in font nullfont!
Missing character: There is no r in font nullfont!
Missing character: There is no c in font nullfont!
Missing character: There is no h in font nullfont!
Missing character: There is no i in font nullfont!
Missing character: There is no t in font nullfont!
Missing character: There is no e in font nullfont!
Missing character: There is no k in font nullfont!
Missing character: There is no t in font nullfont!
Missing character: There is no u in font nullfont!
Missing character: There is no r in font nullfont!
Missing character: There is no p in font nullfont!
Missing character: There is no a in font nullfont!
Missing character: There is no s in font nullfont!
Missing character: There is no s in font nullfont!
Missing character: There is no e in font nullfont!
Missing character: There is no n in font nullfont!
Missing character: There is no w in font nullfont!
Missing character: There is no i in font nullfont!
Missing character: There is no r in font nullfont!
Missing character: There is no d in font nullfont!
Missing character: There is no a in font nullfont!
Missing character: There is no s in font nullfont!
Missing character: There is no P in font nullfont!
Missing character: There is no r in font nullfont!
Missing character: There is no e in font nullfont!
Missing character: There is no p in font nullfont!
Missing character: There is no r in font nullfont!
Missing character: There is no o in font nullfont!
Missing character: There is no c in font nullfont!
Missing character: There is no e in font nullfont!
Missing character: There is no s in font nullfont!
Missing character: There is no s in font nullfont!
Missing character: There is no i in font nullfont!
Missing character: There is no n in font nullfont!
Missing character: There is no g in font nullfont!
Missing character: There is no e in font nullfont!
Missing character: There is no i in font nullfont!
Missing character: There is no n in font nullfont!
Missing character: There is no w in font nullfont!
Missing character: There is no e in font nullfont!
Missing character: There is no n in font nullfont!
Missing character: There is no i in font nullfont!
Missing character: There is no g in font nullfont!
Missing character: There is no a in font nullfont!
Missing character: There is no n in font nullfont!
Missing character: There is no . in font nullfont!
Missing character: There is no J in font nullfont!
Missing character: There is no e in font nullfont!
Missing character: There is no d in font nullfont!
Missing character: There is no e in font nullfont!
Missing character: There is no n in font nullfont!
Missing character: There is no C in font nullfont!
Missing character: There is no h in font nullfont!
Missing character: There is no o in font nullfont!
Missing character: There is no r in font nullfont!
Missing character: There is no a in font nullfont!
Missing character: There is no l in font nullfont!
Missing character: There is no e in font nullfont!
Missing character: There is no r in font nullfont!
Missing character: There is no w in font nullfont!
Missing character: There is no e in font nullfont!
Missing character: There is no i in font nullfont!
Missing character: There is no t in font nullfont!
Missing character: There is no e in font nullfont!
Missing character: There is no r in font nullfont!
Missing character: There is no n in font nullfont!
Missing character: There is no w in font nullfont!
Missing character: There is no i in font nullfont!
Missing character: There is no r in font nullfont!
Missing character: There is no u in font nullfont!
Missing character: There is no m in font nullfont!
Missing character: There is no e in font nullfont!
Missing character: There is no i in font nullfont!
Missing character: There is no n in font nullfont!
Missing character: There is no e in font nullfont!
Missing character: There is no n in font nullfont!
Missing character: There is no S in font nullfont!
Missing character: There is no O in font nullfont!
Missing character: There is no S in font nullfont!
Missing character: There is no - in font nullfont!
Missing character: There is no T in font nullfont!
Missing character: There is no o in font nullfont!
Missing character: There is no k in font nullfont!
Missing character: There is no e in font nullfont!
Missing character: There is no n in font nullfont!
Missing character: There is no ( in font nullfont!
Missing character: There is no S in font nullfont!
Missing character: There is no t in font nullfont!
Missing character: There is no a in font nullfont!
Missing character: There is no r in font nullfont!
Missing character: There is no t in font nullfont!
Missing character: There is no - in font nullfont!
Missing character: There is no O in font nullfont!
Missing character: There is no f in font nullfont!
Missing character: There is no - in font nullfont!
Missing character: There is no S in font nullfont!
Missing character: There is no e in font nullfont!
Missing character: There is no q in font nullfont!
Missing character: There is no u in font nullfont!
Missing character: There is no e in font nullfont!
Missing character: There is no n in font nullfont!
Missing character: There is no c in font nullfont!
Missing character: There is no e in font nullfont!
Missing character: There is no ) in font nullfont!
Missing character: There is no a in font nullfont!
Missing character: There is no m in font nullfont!
Missing character: There is no A in font nullfont!
Missing character: There is no n in font nullfont!
Missing character: There is no f in font nullfont!
Missing character: There is no a in font nullfont!
Missing character: There is no n in font nullfont!
Missing character: There is no g in font nullfont!
Missing character: There is no u in font nullfont!
Missing character: There is no n in font nullfont!
Missing character: There is no d in font nullfont!
Missing character: There is no e in font nullfont!
Missing character: There is no i in font nullfont!
Missing character: There is no n in font nullfont!
Missing character: There is no e in font nullfont!
Missing character: There is no n in font nullfont!
Missing character: There is no E in font nullfont!
Missing character: There is no O in font nullfont!
Missing character: There is no S in font nullfont!
Missing character: There is no - in font nullfont!
Missing character: There is no T in font nullfont!
Missing character: There is no o in font nullfont!
Missing character: There is no k in font nullfont!
Missing character: There is no e in font nullfont!
Missing character: There is no n in font nullfont!
Missing character: There is no ( in font nullfont!
Missing character: There is no E in font nullfont!
Missing character: There is no n in font nullfont!
Missing character: There is no d in font nullfont!
Missing character: There is no - in font nullfont!
Missing character: There is no O in font nullfont!
Missing character: There is no f in font nullfont!
Missing character: There is no - in font nullfont!
Missing character: There is no S in font nullfont!
Missing character: There is no e in font nullfont!
Missing character: There is no q in font nullfont!
Missing character: There is no u in font nullfont!
Missing character: There is no e in font nullfont!
Missing character: There is no n in font nullfont!
Missing character: There is no c in font nullfont!
Missing character: There is no e in font nullfont!
Missing character: There is no ) in font nullfont!
Missing character: There is no a in font nullfont!
Missing character: There is no m in font nullfont!
Missing character: There is no E in font nullfont!
Missing character: There is no n in font nullfont!
Missing character: There is no d in font nullfont!
Missing character: There is no e in font nullfont!
Missing character: There is no . in font nullfont!
Missing character: There is no A in font nullfont!
Missing character: There is no l in font nullfont!
Missing character: There is no l in font nullfont!
Missing character: There is no e in font nullfont!
Missing character: There is no d in font nullfont!
Missing character: There is no i in font nullfont!
Missing character: There is no e in font nullfont!
Missing character: There is no s in font nullfont!
Missing character: There is no e in font nullfont!
Missing character: There is no m in font nullfont!
Missing character: There is no o in font nullfont!
Missing character: There is no d in font nullfont!
Missing character: There is no i in font nullfont!
Missing character: There is no f in font nullfont!
Missing character: There is no i in font nullfont!
Missing character: There is no z in font nullfont!
Missing character: There is no i in font nullfont!
Missing character: There is no e in font nullfont!
Missing character: There is no r in font nullfont!
Missing character: There is no t in font nullfont!
Missing character: There is no e in font nullfont!
Missing character: There is no n in font nullfont!
Missing character: There is no C in font nullfont!
Missing character: There is no h in font nullfont!
Missing character: There is no o in font nullfont!
Missing character: There is no r in font nullfont!
Missing character: There is no l in font nullfont!
Missing character: There is no e in font nullfont!
Missing character: There is no k in font nullfont!
Missing character: There is no o in font nullfont!
Missing character: There is no n in font nullfont!
Missing character: There is no k in font nullfont!
Missing character: There is no a in font nullfont!
Missing character: There is no t in font nullfont!
Missing character: There is no e in font nullfont!
Missing character: There is no n in font nullfont!
Missing character: There is no i in font nullfont!
Missing character: There is no e in font nullfont!
Missing character: There is no r in font nullfont!
Missing character: There is no e in font nullfont!
Missing character: There is no n in font nullfont!
Missing character: There is no w in font nullfont!
Missing character: There is no i in font nullfont!
Missing character: There is no r in font nullfont!
Missing character: There is no d in font nullfont!
Missing character: There is no a in font nullfont!
Missing character: There is no n in font nullfont!
Missing character: There is no n in font nullfont!
Missing character: There is no z in font nullfont!
Missing character: There is no u in font nullfont!
Missing character: There is no e in font nullfont!
Missing character: There is no i in font nullfont!
Missing character: There is no n in font nullfont!
Missing character: There is no e in font nullfont!
Missing character: There is no m in font nullfont!
Missing character: There is no e in font nullfont!
Missing character: There is no i in font nullfont!
Missing character: There is no n in font nullfont!
Missing character: There is no z in font nullfont!
Missing character: There is no i in font nullfont!
Missing character: There is no g in font nullfont!
Missing character: There is no e in font nullfont!
Missing character: There is no n in font nullfont!
Missing character: There is no V in font nullfont!
Missing character: There is no e in font nullfont!
Missing character: There is no k in font nullfont!
Missing character: There is no t in font nullfont!
Missing character: There is no o in font nullfont!
Missing character: There is no r in font nullfont!
LaTeX Font Info:    External font `cmex10' loaded for size
(Font)              <7> on input line 10.
LaTeX Font Info:    External font `cmex10' loaded for size
(Font)              <5> on input line 10.
Missing character: There is no . in font nullfont!
Missing character: There is no S in font nullfont!
Missing character: There is no e in font nullfont!
Missing character: There is no i in font nullfont!
Missing character: There is no d in font nullfont!
Missing character: There is no e in font nullfont!
Missing character: There is no r in font nullfont!
Missing character: There is no - in font nullfont!
Missing character: There is no t in font nullfont!
Missing character: There is no e in font nullfont!
Missing character: There is no n in font nullfont!
Missing character: There is no C in font nullfont!
Missing character: There is no h in font nullfont!
Missing character: There is no o in font nullfont!
Missing character: There is no r in font nullfont!
Missing character: There is no a in font nullfont!
Missing character: There is no l in font nullfont!
Missing character: There is no , in font nullfont!
Missing character: There is no d in font nullfont!
Missing character: There is no e in font nullfont!
Missing character: There is no r in font nullfont!
Missing character: There is no D in font nullfont!
Missing character: There is no a in font nullfont!
Missing character: There is no t in font nullfont!
Missing character: There is no e in font nullfont!
Missing character: There is no n in font nullfont!
Missing character: There is no v in font nullfont!
Missing character: There is no e in font nullfont!
Missing character: There is no k in font nullfont!
Missing character: There is no t in font nullfont!
Missing character: There is no o in font nullfont!
Missing character: There is no r in font nullfont!
Missing character: There is no e in font nullfont!
Missing character: There is no r in font nullfont!
Missing character: There is no g in font nullfont!
Missing character: There is no i in font nullfont!
Missing character: There is no b in font nullfont!
Missing character: There is no t in font nullfont!
Missing character: There is no s in font nullfont!
Missing character: There is no i in font nullfont!
Missing character: There is no c in font nullfont!
Missing character: There is no h in font nullfont!
Missing character: There is no d in font nullfont!
Missing character: There is no a in font nullfont!
Missing character: There is no n in font nullfont!
Missing character: There is no n in font nullfont!
Missing character: There is no a in font nullfont!
Missing character: There is no l in font nullfont!
Missing character: There is no s in font nullfont!

c:/Users/kkwie/OneDrive/Dokumente/Latex/Maschine_Learning/Maschine_Learning/Ferdi/Ferdi.tex:12: LaTeX Error: Environment align* undefined.

See the LaTeX manual or LaTeX Companion for explanation.
Type  H <return>  for immediate help.
 ...                                              
                                                  
l.12 \begin{align*}
                   
Your command was ignored.
Type  I <command> <return>  to replace it with another command,
or  <return>  to continue without it.

Missing character: There is no D in font nullfont!
Missing character: There is no = in font nullfont!
Missing character: There is no [ in font nullfont!
c:/Users/kkwie/OneDrive/Dokumente/Latex/Maschine_Learning/Maschine_Learning/Ferdi/Ferdi.tex:13: Undefined control sequence.
l.13     D = [\text
                   {SOS}, \underbrace{n_{1, 1}, \dots, n_{1, \ell_1}}_{C_1},...
The control sequence at the end of the top line
of your error message was never \def'ed. If you have
misspelled it (e.g., `\hobx'), type `I' and the correct
spelling (e.g., `I\hbox'). Otherwise just continue,
and I'll forget about whatever was undefined.

Missing character: There is no S in font nullfont!
Missing character: There is no O in font nullfont!
Missing character: There is no S in font nullfont!
Missing character: There is no , in font nullfont!
c:/Users/kkwie/OneDrive/Dokumente/Latex/Maschine_Learning/Maschine_Learning/Ferdi/Ferdi.tex:13: Missing $ inserted.
<inserted text> 
                $
l.13 ...underbrace{n_{1, 1}, \dots, n_{1, \ell_1}}
                                                  _{C_1}, \text{EOS},
I've inserted a begin-math/end-math symbol since I think
you left one out. Proceed, with fingers crossed.

c:/Users/kkwie/OneDrive/Dokumente/Latex/Maschine_Learning/Maschine_Learning/Ferdi/Ferdi.tex:13: Undefined control sequence.
l.13 ...{1, 1}, \dots, n_{1, \ell_1}}_{C_1}, \text
                                                  {EOS},
The control sequence at the end of the top line
of your error message was never \def'ed. If you have
misspelled it (e.g., `\hobx'), type `I' and the correct
spelling (e.g., `I\hbox'). Otherwise just continue,
and I'll forget about whatever was undefined.

c:/Users/kkwie/OneDrive/Dokumente/Latex/Maschine_Learning/Maschine_Learning/Ferdi/Ferdi.tex:14: Undefined control sequence.
l.14     \text
              {SOS}, \underbrace{n_{2, 1}, \dots, n_{2, \ell_2}}_{C_2}, \tex...
The control sequence at the end of the top line
of your error message was never \def'ed. If you have
misspelled it (e.g., `\hobx'), type `I' and the correct
spelling (e.g., `I\hbox'). Otherwise just continue,
and I'll forget about whatever was undefined.

c:/Users/kkwie/OneDrive/Dokumente/Latex/Maschine_Learning/Maschine_Learning/Ferdi/Ferdi.tex:14: Undefined control sequence.
l.14 ...{2, 1}, \dots, n_{2, \ell_2}}_{C_2}, \text
                                                  {EOS}, \dots, \text{EOS}]
The control sequence at the end of the top line
of your error message was never \def'ed. If you have
misspelled it (e.g., `\hobx'), type `I' and the correct
spelling (e.g., `I\hbox'). Otherwise just continue,
and I'll forget about whatever was undefined.

c:/Users/kkwie/OneDrive/Dokumente/Latex/Maschine_Learning/Maschine_Learning/Ferdi/Ferdi.tex:14: Undefined control sequence.
l.14 ..., \ell_2}}_{C_2}, \text{EOS}, \dots, \text
                                                  {EOS}]
The control sequence at the end of the top line
of your error message was never \def'ed. If you have
misspelled it (e.g., `\hobx'), type `I' and the correct
spelling (e.g., `I\hbox'). Otherwise just continue,
and I'll forget about whatever was undefined.


c:/Users/kkwie/OneDrive/Dokumente/Latex/Maschine_Learning/Maschine_Learning/Ferdi/Ferdi.tex:15: LaTeX Error: \begin{document} ended by \end{align*}.

See the LaTeX manual or LaTeX Companion for explanation.
Type  H <return>  for immediate help.
 ...                                              
                                                  
l.15 \end{align*}
                 
Your command was ignored.
Type  I <command> <return>  to replace it with another command,
or  <return>  to continue without it.

c:/Users/kkwie/OneDrive/Dokumente/Latex/Maschine_Learning/Maschine_Learning/Ferdi/Ferdi.tex:15: Missing $ inserted.
<inserted text> 
                $
l.15 \end{align*}
                 
I've inserted something that you may have forgotten.
(See the <inserted text> above.)
With luck, this will get me unwedged. But if you
really didn't forget anything, try typing `2' now; then
my insertion and my current dilemma will both disappear.

Missing character: There is no W in font nullfont!
Missing character: There is no i in font nullfont!
Missing character: There is no r in font nullfont!
Missing character: There is no s in font nullfont!
Missing character: There is no c in font nullfont!
Missing character: There is no h in font nullfont!
Missing character: There is no r in font nullfont!
Missing character: There is no e in font nullfont!
Missing character: There is no i in font nullfont!
Missing character: There is no b in font nullfont!
Missing character: There is no e in font nullfont!
Missing character: There is no n in font nullfont!
Missing character: There is no ( in font nullfont!
Missing character: There is no w in font nullfont!
Missing character: There is no o in font nullfont!
Missing character: There is no b in font nullfont!
Missing character: There is no e in font nullfont!
Missing character: There is no i in font nullfont!
c:/Users/kkwie/OneDrive/Dokumente/Latex/Maschine_Learning/Maschine_Learning/Ferdi/Ferdi.tex:16: Undefined control sequence.
l.16 ... $D=[t_1, \dots, t_n]$ (wobei $t_1 = \text
                                                  {SOS}$, $t_2 = n_{1,1}$ us...
The control sequence at the end of the top line
of your error message was never \def'ed. If you have
misspelled it (e.g., `\hobx'), type `I' and the correct
spelling (e.g., `I\hbox'). Otherwise just continue,
and I'll forget about whatever was undefined.

Missing character: There is no , in font nullfont!
Missing character: There is no u in font nullfont!
Missing character: There is no s in font nullfont!
Missing character: There is no w in font nullfont!
Missing character: There is no . in font nullfont!
Missing character: There is no ) in font nullfont!
Missing character: There is no , in font nullfont!
Missing character: There is no d in font nullfont!
Missing character: There is no i in font nullfont!
Missing character: There is no e in font nullfont!
Missing character: There is no e in font nullfont!
Missing character: There is no i in font nullfont!
Missing character: There is no n in font nullfont!
Missing character: There is no z in font nullfont!
Missing character: There is no e in font nullfont!
Missing character: There is no l in font nullfont!
Missing character: There is no n in font nullfont!
Missing character: There is no e in font nullfont!
Missing character: There is no n in font nullfont!
Missing character: There is no s in font nullfont!
Missing character: There is no b in font nullfont!
Missing character: There is no e in font nullfont!
Missing character: There is no z in font nullfont!
Missing character: There is no e in font nullfont!
Missing character: There is no i in font nullfont!
Missing character: There is no c in font nullfont!
Missing character: There is no h in font nullfont!
Missing character: There is no n in font nullfont!
Missing character: There is no e in font nullfont!
Missing character: There is no n in font nullfont!
Missing character: There is no w in font nullfont!
Missing character: There is no i in font nullfont!
Missing character: There is no r in font nullfont!
Missing character: There is no a in font nullfont!
Missing character: There is no l in font nullfont!
Missing character: There is no s in font nullfont!
Missing character: There is no T in font nullfont!
Missing character: There is no o in font nullfont!
Missing character: There is no k in font nullfont!
Missing character: There is no e in font nullfont!
Missing character: There is no n in font nullfont!
Missing character: There is no s in font nullfont!
Missing character: There is no . in font nullfont!
Missing character: There is no E in font nullfont!
Missing character: There is no i in font nullfont!
Missing character: There is no n in font nullfont!
Missing character: There is no I in font nullfont!
Missing character: There is no n in font nullfont!
Missing character: There is no p in font nullfont!
Missing character: There is no u in font nullfont!
Missing character: There is no t in font nullfont!
Missing character: There is no - in font nullfont!
Missing character: There is no O in font nullfont!
Missing character: There is no u in font nullfont!
Missing character: There is no t in font nullfont!
Missing character: There is no p in font nullfont!
Missing character: There is no u in font nullfont!
Missing character: There is no t in font nullfont!
Missing character: There is no - in font nullfont!
Missing character: There is no P in font nullfont!
Missing character: There is no a in font nullfont!
Missing character: There is no a in font nullfont!
Missing character: There is no r in font nullfont!
Missing character: There is no i in font nullfont!
Missing character: There is no s in font nullfont!
Missing character: There is no t in font nullfont!
Missing character: There is no d in font nullfont!
Missing character: There is no e in font nullfont!
Missing character: There is no f in font nullfont!
Missing character: There is no i in font nullfont!
Missing character: There is no n in font nullfont!
Missing character: There is no i in font nullfont!
Missing character: There is no e in font nullfont!
Missing character: There is no r in font nullfont!
Missing character: There is no t in font nullfont!
Missing character: There is no a in font nullfont!
Missing character: There is no l in font nullfont!
Missing character: There is no s in font nullfont!
Missing character: There is no : in font nullfont!

c:/Users/kkwie/OneDrive/Dokumente/Latex/Maschine_Learning/Maschine_Learning/Ferdi/Ferdi.tex:19: LaTeX Error: Environment align* undefined.

See the LaTeX manual or LaTeX Companion for explanation.
Type  H <return>  for immediate help.
 ...                                              
                                                  
l.19 \begin{align*}
                   
Your command was ignored.
Type  I <command> <return>  to replace it with another command,
or  <return>  to continue without it.

Missing character: There is no x in font nullfont!
Missing character: There is no = in font nullfont!
Missing character: There is no [ in font nullfont!
Missing character: There is no t in font nullfont!
c:/Users/kkwie/OneDrive/Dokumente/Latex/Maschine_Learning/Maschine_Learning/Ferdi/Ferdi.tex:20: Missing $ inserted.
<inserted text> 
                $
l.20     x = [t_
                k, \dots, t_{k+\ell_{\text{SEQ}}-1}] \\
I've inserted a begin-math/end-math symbol since I think
you left one out. Proceed, with fingers crossed.

c:/Users/kkwie/OneDrive/Dokumente/Latex/Maschine_Learning/Maschine_Learning/Ferdi/Ferdi.tex:20: Undefined control sequence.
l.20     x = [t_k, \dots, t_{k+\ell_{\text
                                          {SEQ}}-1}] \\
The control sequence at the end of the top line
of your error message was never \def'ed. If you have
misspelled it (e.g., `\hobx'), type `I' and the correct
spelling (e.g., `I\hbox'). Otherwise just continue,
and I'll forget about whatever was undefined.

c:/Users/kkwie/OneDrive/Dokumente/Latex/Maschine_Learning/Maschine_Learning/Ferdi/Ferdi.tex:21: Undefined control sequence.
l.21     y = [t_{k+1}, \dots, t_{k+\ell_{\text
                                              {SEQ}}}]
The control sequence at the end of the top line
of your error message was never \def'ed. If you have
misspelled it (e.g., `\hobx'), type `I' and the correct
spelling (e.g., `I\hbox'). Otherwise just continue,
and I'll forget about whatever was undefined.


c:/Users/kkwie/OneDrive/Dokumente/Latex/Maschine_Learning/Maschine_Learning/Ferdi/Ferdi.tex:22: LaTeX Error: \begin{document} ended by \end{align*}.

See the LaTeX manual or LaTeX Companion for explanation.
Type  H <return>  for immediate help.
 ...                                              
                                                  
l.22 \end{align*}
                 
Your command was ignored.
Type  I <command> <return>  to replace it with another command,
or  <return>  to continue without it.

c:/Users/kkwie/OneDrive/Dokumente/Latex/Maschine_Learning/Maschine_Learning/Ferdi/Ferdi.tex:22: Missing $ inserted.
<inserted text> 
                $
l.22 \end{align*}
                 
I've inserted something that you may have forgotten.
(See the <inserted text> above.)
With luck, this will get me unwedged. But if you
really didn't forget anything, try typing `2' now; then
my insertion and my current dilemma will both disappear.

Missing character: There is no D in font nullfont!
Missing character: There is no a in font nullfont!
Missing character: There is no s in font nullfont!
Missing character: There is no T in font nullfont!
Missing character: There is no a in font nullfont!
Missing character: There is no r in font nullfont!
Missing character: There is no g in font nullfont!
Missing character: There is no e in font nullfont!
Missing character: There is no t in font nullfont!
Missing character: There is no i in font nullfont!
Missing character: There is no s in font nullfont!
Missing character: There is no t in font nullfont!
Missing character: There is no a in font nullfont!
Missing character: There is no l in font nullfont!
Missing character: There is no s in font nullfont!
Missing character: There is no o in font nullfont!
Missing character: There is no d in font nullfont!
Missing character: There is no i in font nullfont!
Missing character: There is no e in font nullfont!
Missing character: There is no u in font nullfont!
Missing character: There is no m in font nullfont!
Missing character: There is no e in font nullfont!
Missing character: There is no i in font nullfont!
Missing character: There is no n in font nullfont!
Missing character: There is no e in font nullfont!
Missing character: There is no P in font nullfont!
Missing character: There is no o in font nullfont!
Missing character: There is no s in font nullfont!
Missing character: There is no i in font nullfont!
Missing character: There is no t in font nullfont!
Missing character: There is no i in font nullfont!
Missing character: There is no o in font nullfont!
Missing character: There is no n in font nullfont!
Missing character: There is no v in font nullfont!
Missing character: There is no e in font nullfont!
Missing character: There is no r in font nullfont!
Missing character: There is no s in font nullfont!
Missing character: There is no c in font nullfont!
Missing character: There is no h in font nullfont!
Missing character: There is no o in font nullfont!
Missing character: There is no b in font nullfont!
Missing character: There is no e in font nullfont!
Missing character: There is no n in font nullfont!
Missing character: There is no e in font nullfont!
Missing character: There is no I in font nullfont!
Missing character: There is no n in font nullfont!
Missing character: There is no p in font nullfont!
Missing character: There is no u in font nullfont!
Missing character: There is no t in font nullfont!
Missing character: There is no - in font nullfont!
Missing character: There is no S in font nullfont!
Missing character: There is no e in font nullfont!
Missing character: There is no q in font nullfont!
Missing character: There is no u in font nullfont!
Missing character: There is no e in font nullfont!
Missing character: There is no n in font nullfont!
Missing character: There is no z in font nullfont!
Missing character: There is no . in font nullfont!
Missing character: There is no U in font nullfont!
Missing character: There is no n in font nullfont!
Missing character: There is no t in font nullfont!
Missing character: There is no e in font nullfont!
Missing character: There is no r in font nullfont!
Missing character: There is no B in font nullfont!
Missing character: There is no e in font nullfont!
Missing character: There is no r in font nullfont!
Missing character: There is no c in font nullfont!
Missing character: There is no k in font nullfont!
Missing character: There is no s in font nullfont!
Missing character: There is no i in font nullfont!
Missing character: There is no c in font nullfont!
Missing character: There is no h in font nullfont!
Missing character: There is no t in font nullfont!
Missing character: There is no i in font nullfont!
Missing character: There is no g in font nullfont!
Missing character: There is no u in font nullfont!
Missing character: There is no n in font nullfont!
Missing character: There is no g in font nullfont!
Missing character: There is no d in font nullfont!
Missing character: There is no e in font nullfont!
Missing character: There is no r in font nullfont!
Missing character: There is no d in font nullfont!
Missing character: There is no r in font nullfont!
Missing character: There is no e in font nullfont!
Missing character: There is no i in font nullfont!
Missing character: There is no S in font nullfont!
Missing character: There is no p in font nullfont!
Missing character: There is no e in font nullfont!
Missing character: There is no z in font nullfont!
Missing character: There is no i in font nullfont!
Missing character: There is no a in font nullfont!
Missing character: There is no l in font nullfont!
Missing character: There is no t in font nullfont!
Missing character: There is no o in font nullfont!
Missing character: There is no k in font nullfont!
Missing character: There is no e in font nullfont!
Missing character: There is no n in font nullfont!
Missing character: There is no s in font nullfont!
c:/Users/kkwie/OneDrive/Dokumente/Latex/Maschine_Learning/Maschine_Learning/Ferdi/Ferdi.tex:24: Undefined control sequence.
<recently read> \text 
                      
l.24 ...cksichtigung der drei Spezialtokens $\text
                                                  {SOS}, \text{EOS} und \tex...
The control sequence at the end of the top line
of your error message was never \def'ed. If you have
misspelled it (e.g., `\hobx'), type `I' and the correct
spelling (e.g., `I\hbox'). Otherwise just continue,
and I'll forget about whatever was undefined.

c:/Users/kkwie/OneDrive/Dokumente/Latex/Maschine_Learning/Maschine_Learning/Ferdi/Ferdi.tex:24: Undefined control sequence.
l.24 ... der drei Spezialtokens $\text{SOS}, \text
                                                  {EOS} und \text{PAD}$ erha...
The control sequence at the end of the top line
of your error message was never \def'ed. If you have
misspelled it (e.g., `\hobx'), type `I' and the correct
spelling (e.g., `I\hbox'). Otherwise just continue,
and I'll forget about whatever was undefined.

c:/Users/kkwie/OneDrive/Dokumente/Latex/Maschine_Learning/Maschine_Learning/Ferdi/Ferdi.tex:24: Undefined control sequence.
l.24 ...altokens $\text{SOS}, \text{EOS} und \text
                                                  {PAD}$ erhalten wir eine
The control sequence at the end of the top line
of your error message was never \def'ed. If you have
misspelled it (e.g., `\hobx'), type `I' and the correct
spelling (e.g., `I\hbox'). Otherwise just continue,
and I'll forget about whatever was undefined.

Missing character: There is no e in font nullfont!
Missing character: There is no r in font nullfont!
Missing character: There is no h in font nullfont!
Missing character: There is no a in font nullfont!
Missing character: There is no l in font nullfont!
Missing character: There is no t in font nullfont!
Missing character: There is no e in font nullfont!
Missing character: There is no n in font nullfont!
Missing character: There is no w in font nullfont!
Missing character: There is no i in font nullfont!
Missing character: There is no r in font nullfont!
Missing character: There is no e in font nullfont!
Missing character: There is no i in font nullfont!
Missing character: There is no n in font nullfont!
Missing character: There is no e in font nullfont!
Missing character: There is no V in font nullfont!
Missing character: There is no o in font nullfont!
Missing character: There is no k in font nullfont!
Missing character: There is no a in font nullfont!
Missing character: There is no b in font nullfont!
Missing character: There is no u in font nullfont!
Missing character: There is no l in font nullfont!
Missing character: There is no a in font nullfont!
Missing character: There is no r in font nullfont!
Missing character: There is no g in font nullfont!
Missing character: There is no r in font nullfont!
Missing character: There is no e in font nullfont!
Missing character: There is no v in font nullfont!
Missing character: There is no o in font nullfont!
Missing character: There is no n in font nullfont!
Missing character: There is no 1 in font nullfont!
Missing character: There is no 3 in font nullfont!
Missing character: There is no 1 in font nullfont!
Missing character: There is no . in font nullfont!

Overfull \hbox (20.0pt too wide) in paragraph at lines 7--26
[]
 []


Overfull \hbox (10.55559pt too wide) in paragraph at lines 7--26
\/cmr/m/n/10 ^^?u
 []


Overfull \hbox (5.00002pt too wide) in paragraph at lines 7--26
\/cmr/m/n/10 ^^?a
 []


Overfull \hbox (8.55695pt too wide) in paragraph at lines 7--26
\OML/cmm/m/it/10 D$ 
 []


Overfull \hbox (21.03201pt too wide) in paragraph at lines 7--26
\OML/cmm/m/it/10 C[] \/cmr/m/n/10 =
 []


Overfull \hbox (58.52429pt too wide) in paragraph at lines 7--26
\/cmr/m/n/10 [\OML/cmm/m/it/10 n[]; [] ; n[]\/cmr/m/n/10 ]$
 []


Overfull \hbox (3.44513pt too wide) in paragraph at lines 7--26
\OML/cmm/m/it/10 i$
 []


Overfull \hbox (8.55695pt too wide) in paragraph at lines 7--26
\OML/cmm/m/it/10 D$
 []


Overfull \hbox (250.18668pt too wide) in paragraph at lines 7--26
[]\OML/cmm/m/it/10 ; []; []; []; []; [] ; []\/cmr/m/n/10 ]$
 []


Overfull \hbox (19.11246pt too wide) in paragraph at lines 7--26
\OML/cmm/m/it/10 D \/cmr/m/n/10 =
 []


Overfull \hbox (44.92932pt too wide) in paragraph at lines 7--26
\/cmr/m/n/10 [\OML/cmm/m/it/10 t[]; [] ; t[]\/cmr/m/n/10 ]$
 []


Overfull \hbox (18.65276pt too wide) in paragraph at lines 7--26
\OML/cmm/m/it/10 t[] \/cmr/m/n/10 =
 []


Overfull \hbox (21.32217pt too wide) in paragraph at lines 7--26
[]$
 []


Overfull \hbox (18.65276pt too wide) in paragraph at lines 7--26
\OML/cmm/m/it/10 t[] \/cmr/m/n/10 =
 []


Overfull \hbox (16.84961pt too wide) in paragraph at lines 7--26
\OML/cmm/m/it/10 n[]$
 []


Overfull \hbox (3.61111pt too wide) in paragraph at lines 7--26
\OML/cmm/m/it/10 t$
 []


Overfull \hbox (23.19908pt too wide) in paragraph at lines 7--26
\/cmr/m/n/10 (\OML/cmm/m/it/10 x; y\/cmr/m/n/10 )$
 []


Overfull \hbox (73.91127pt too wide) in paragraph at lines 7--26
[]\OML/cmm/m/it/10 ; [] ; t[]\/cmr/m/n/10 ][] 
 []


Overfull \hbox (15.81711pt too wide) in paragraph at lines 7--26
\OML/cmm/m/it/10 y \/cmr/m/n/10 =
 []


Overfull \hbox (80.18907pt too wide) in paragraph at lines 7--26
\/cmr/m/n/10 [\OML/cmm/m/it/10 t[]; [] ; t[]\/cmr/m/n/10 ]$
 []


Overfull \hbox (5.2616pt too wide) in paragraph at lines 7--26
\OML/cmm/m/it/10 y$
 []


Overfull \hbox (5.55557pt too wide) in paragraph at lines 7--26
\/cmr/m/n/10 ^^?u
 []


Overfull \hbox (89.13655pt too wide) in paragraph at lines 7--26
[]\OML/cmm/m/it/10 ; []und[]$
 []


Overfull \hbox (10.00003pt too wide) in paragraph at lines 7--26
\/cmr/m/n/10 ^^?o^^Y
 []


Overfull \hbox (8.05556pt too wide) in paragraph at lines 7--26
\OML/cmm/m/it/10 V$
 []

c:/Users/kkwie/OneDrive/Dokumente/Latex/Maschine_Learning/Maschine_Learning/Ferdi/Ferdi.tex:27: Undefined control sequence.
l.27 \subsection
                {Musikgenerierung mit Transformern}
The control sequence at the end of the top line
of your error message was never \def'ed. If you have
misspelled it (e.g., `\hobx'), type `I' and the correct
spelling (e.g., `I\hbox'). Otherwise just continue,
and I'll forget about whatever was undefined.


c:/Users/kkwie/OneDrive/Dokumente/Latex/Maschine_Learning/Maschine_Learning/Ferdi/Ferdi.tex:27: LaTeX Error: Missing \begin{document}.

See the LaTeX manual or LaTeX Companion for explanation.
Type  H <return>  for immediate help.
 ...                                              
                                                  
l.27 \subsection{M
                  usikgenerierung mit Transformern}
You're in trouble here.  Try typing  <return>  to proceed.
If that doesn't work, type  X <return>  to quit.

Missing character: There is no M in font nullfont!
Missing character: There is no u in font nullfont!
Missing character: There is no s in font nullfont!
Missing character: There is no i in font nullfont!
Missing character: There is no k in font nullfont!
Missing character: There is no g in font nullfont!
Missing character: There is no e in font nullfont!
Missing character: There is no n in font nullfont!
Missing character: There is no e in font nullfont!
Missing character: There is no r in font nullfont!
Missing character: There is no i in font nullfont!
Missing character: There is no e in font nullfont!
Missing character: There is no r in font nullfont!
Missing character: There is no u in font nullfont!
Missing character: There is no n in font nullfont!
Missing character: There is no g in font nullfont!
Missing character: There is no m in font nullfont!
Missing character: There is no i in font nullfont!
Missing character: There is no t in font nullfont!
Missing character: There is no T in font nullfont!
Missing character: There is no r in font nullfont!
Missing character: There is no a in font nullfont!
Missing character: There is no n in font nullfont!
Missing character: There is no s in font nullfont!
Missing character: There is no f in font nullfont!
Missing character: There is no o in font nullfont!
Missing character: There is no r in font nullfont!
Missing character: There is no m in font nullfont!
Missing character: There is no e in font nullfont!
Missing character: There is no r in font nullfont!
Missing character: There is no n in font nullfont!
Missing character: There is no D in font nullfont!
Missing character: There is no e in font nullfont!
Missing character: There is no r in font nullfont!
Missing character: There is no G in font nullfont!
Missing character: There is no e in font nullfont!
Missing character: There is no n in font nullfont!
Missing character: There is no e in font nullfont!
Missing character: There is no r in font nullfont!
Missing character: There is no i in font nullfont!
Missing character: There is no e in font nullfont!
Missing character: There is no r in font nullfont!
Missing character: There is no u in font nullfont!
Missing character: There is no n in font nullfont!
Missing character: There is no g in font nullfont!
Missing character: There is no s in font nullfont!
Missing character: There is no p in font nullfont!
Missing character: There is no r in font nullfont!
Missing character: There is no o in font nullfont!
Missing character: There is no z in font nullfont!
Missing character: There is no e in font nullfont!
Missing character: There is no s in font nullfont!
Missing character: There is no s in font nullfont!
Missing character: There is no v in font nullfont!
Missing character: There is no e in font nullfont!
Missing character: There is no r in font nullfont!
Missing character: There is no l in font nullfont!
Missing character: There is no u in font nullfont!
Missing character: There is no f in font nullfont!
Missing character: There is no t in font nullfont!
Missing character: There is no a in font nullfont!
Missing character: There is no n in font nullfont!
Missing character: There is no a in font nullfont!
Missing character: There is no l in font nullfont!
Missing character: There is no o in font nullfont!
Missing character: There is no g in font nullfont!
Missing character: There is no z in font nullfont!
Missing character: There is no u in font nullfont!
Missing character: There is no R in font nullfont!
Missing character: There is no N in font nullfont!
Missing character: There is no N in font nullfont!
Missing character: There is no s in font nullfont!
Missing character: There is no d in font nullfont!
Missing character: There is no u in font nullfont!
Missing character: There is no r in font nullfont!
Missing character: There is no c in font nullfont!
Missing character: There is no h in font nullfont!
Missing character: There is no S in font nullfont!
Missing character: There is no a in font nullfont!
Missing character: There is no m in font nullfont!
Missing character: There is no p in font nullfont!
Missing character: There is no l in font nullfont!
Missing character: There is no i in font nullfont!
Missing character: There is no n in font nullfont!
Missing character: There is no g in font nullfont!
Missing character: There is no a in font nullfont!
Missing character: There is no u in font nullfont!
Missing character: There is no s in font nullfont!
Missing character: There is no d in font nullfont!
Missing character: There is no e in font nullfont!
Missing character: There is no r in font nullfont!
Missing character: There is no W in font nullfont!
Missing character: There is no a in font nullfont!
Missing character: There is no h in font nullfont!
Missing character: There is no r in font nullfont!
Missing character: There is no s in font nullfont!
Missing character: There is no c in font nullfont!
Missing character: There is no h in font nullfont!
Missing character: There is no e in font nullfont!
Missing character: There is no i in font nullfont!
Missing character: There is no n in font nullfont!
Missing character: There is no l in font nullfont!
Missing character: There is no i in font nullfont!
Missing character: There is no c in font nullfont!
Missing character: There is no h in font nullfont!
Missing character: There is no k in font nullfont!
Missing character: There is no e in font nullfont!
Missing character: There is no i in font nullfont!
Missing character: There is no t in font nullfont!
Missing character: There is no s in font nullfont!
Missing character: There is no v in font nullfont!
Missing character: There is no e in font nullfont!
Missing character: There is no r in font nullfont!
Missing character: There is no t in font nullfont!
Missing character: There is no e in font nullfont!
Missing character: There is no i in font nullfont!
Missing character: There is no l in font nullfont!
Missing character: There is no u in font nullfont!
Missing character: There is no n in font nullfont!
Missing character: There is no g in font nullfont!
Missing character: There is no d in font nullfont!
Missing character: There is no e in font nullfont!
Missing character: There is no s in font nullfont!
Missing character: There is no M in font nullfont!
Missing character: There is no o in font nullfont!
Missing character: There is no d in font nullfont!
Missing character: There is no e in font nullfont!
Missing character: There is no l in font nullfont!
Missing character: There is no l in font nullfont!
Missing character: There is no s in font nullfont!
Missing character: There is no . in font nullfont!
Missing character: There is no I in font nullfont!
Missing character: There is no n in font nullfont!
Missing character: There is no u in font nullfont!
Missing character: There is no n in font nullfont!
Missing character: There is no s in font nullfont!
Missing character: There is no e in font nullfont!
Missing character: There is no r in font nullfont!
Missing character: There is no e in font nullfont!
Missing character: There is no m in font nullfont!
Missing character: There is no F in font nullfont!
Missing character: There is no a in font nullfont!
Missing character: There is no l in font nullfont!
Missing character: There is no l in font nullfont!
Missing character: There is no g in font nullfont!
Missing character: There is no e in font nullfont!
Missing character: There is no s in font nullfont!
Missing character: There is no t in font nullfont!
Missing character: There is no a in font nullfont!
Missing character: There is no l in font nullfont!
Missing character: There is no t in font nullfont!
Missing character: There is no e in font nullfont!
Missing character: There is no n in font nullfont!
Missing character: There is no w in font nullfont!
Missing character: There is no i in font nullfont!
Missing character: There is no r in font nullfont!
Missing character: There is no d in font nullfont!
Missing character: There is no i in font nullfont!
Missing character: There is no e in font nullfont!
Missing character: There is no G in font nullfont!
Missing character: There is no e in font nullfont!
Missing character: There is no n in font nullfont!
Missing character: There is no e in font nullfont!
Missing character: There is no r in font nullfont!
Missing character: There is no i in font nullfont!
Missing character: There is no e in font nullfont!
Missing character: There is no r in font nullfont!
Missing character: There is no u in font nullfont!
Missing character: There is no n in font nullfont!
Missing character: There is no g in font nullfont!
Missing character: There is no m in font nullfont!
Missing character: There is no i in font nullfont!
Missing character: There is no t in font nullfont!
Missing character: There is no T in font nullfont!
Missing character: There is no r in font nullfont!
Missing character: There is no a in font nullfont!
Missing character: There is no n in font nullfont!
Missing character: There is no s in font nullfont!
Missing character: There is no f in font nullfont!
Missing character: There is no o in font nullfont!
Missing character: There is no r in font nullfont!
Missing character: There is no m in font nullfont!
Missing character: There is no e in font nullfont!
Missing character: There is no r in font nullfont!
Missing character: There is no n in font nullfont!
Missing character: There is no e in font nullfont!
Missing character: There is no t in font nullfont!
Missing character: There is no w in font nullfont!
Missing character: There is no a in font nullfont!
Missing character: There is no s in font nullfont!
Missing character: There is no f in font nullfont!
Missing character: There is no l in font nullfont!
Missing character: There is no e in font nullfont!
Missing character: There is no x in font nullfont!
Missing character: There is no i in font nullfont!
Missing character: There is no b in font nullfont!
Missing character: There is no l in font nullfont!
Missing character: There is no e in font nullfont!
Missing character: There is no r in font nullfont!
Missing character: There is no : in font nullfont!
Missing character: There is no A in font nullfont!
Missing character: There is no n in font nullfont!
Missing character: There is no d in font nullfont!
Missing character: There is no i in font nullfont!
Missing character: There is no e in font nullfont!
Missing character: There is no A in font nullfont!
Missing character: There is no n in font nullfont!
Missing character: There is no f in font nullfont!
Missing character: There is no a in font nullfont!
Missing character: There is no n in font nullfont!
Missing character: There is no g in font nullfont!
Missing character: There is no s in font nullfont!
Missing character: There is no s in font nullfont!
Missing character: There is no e in font nullfont!
Missing character: There is no q in font nullfont!
Missing character: There is no u in font nullfont!
Missing character: There is no e in font nullfont!
Missing character: There is no n in font nullfont!
Missing character: There is no z in font nullfont!
Missing character: There is no w in font nullfont!
Missing character: There is no i in font nullfont!
Missing character: There is no r in font nullfont!
Missing character: There is no d in font nullfont!
Missing character: There is no n in font nullfont!
Missing character: There is no u in font nullfont!
Missing character: There is no r in font nullfont!
Missing character: There is no n in font nullfont!
Missing character: There is no o in font nullfont!
Missing character: There is no c in font nullfont!
Missing character: There is no h in font nullfont!
Missing character: There is no f in font nullfont!
Missing character: There is no o in font nullfont!
Missing character: There is no l in font nullfont!
Missing character: There is no g in font nullfont!
Missing character: There is no e in font nullfont!
Missing character: There is no n in font nullfont!
Missing character: There is no d in font nullfont!
Missing character: There is no e in font nullfont!
Missing character: There is no A in font nullfont!
Missing character: There is no n in font nullfont!
Missing character: There is no f in font nullfont!
Missing character: There is no o in font nullfont!
Missing character: There is no r in font nullfont!
Missing character: There is no d in font nullfont!
Missing character: There is no e in font nullfont!
Missing character: There is no r in font nullfont!
Missing character: There is no u in font nullfont!
Missing character: There is no n in font nullfont!
Missing character: There is no g in font nullfont!
Missing character: There is no g in font nullfont!
Missing character: There is no e in font nullfont!
Missing character: There is no s in font nullfont!
Missing character: There is no t in font nullfont!
Missing character: There is no e in font nullfont!
Missing character: There is no l in font nullfont!
Missing character: There is no l in font nullfont!
Missing character: There is no t in font nullfont!
Missing character: There is no , in font nullfont!
Missing character: There is no m in font nullfont!
Missing character: There is no i in font nullfont!
Missing character: There is no t in font nullfont!
c:/Users/kkwie/OneDrive/Dokumente/Latex/Maschine_Learning/Maschine_Learning/Ferdi/Ferdi.tex:32: Undefined control sequence.
l.32 ...ots, n_k]$, mit $0 \leq k \leq \ell_{\text
                                                  {SEQ}}$ (wobei wir für $k...
The control sequence at the end of the top line
of your error message was never \def'ed. If you have
misspelled it (e.g., `\hobx'), type `I' and the correct
spelling (e.g., `I\hbox'). Otherwise just continue,
and I'll forget about whatever was undefined.

Missing character: There is no ( in font nullfont!
Missing character: There is no w in font nullfont!
Missing character: There is no o in font nullfont!
Missing character: There is no b in font nullfont!
Missing character: There is no e in font nullfont!
Missing character: There is no i in font nullfont!
Missing character: There is no w in font nullfont!
Missing character: There is no i in font nullfont!
Missing character: There is no r in font nullfont!
Missing character: There is no f in font nullfont!
Missing character: There is no r in font nullfont!
Missing character: There is no e in font nullfont!
Missing character: There is no i in font nullfont!
Missing character: There is no n in font nullfont!
Missing character: There is no e in font nullfont!
Missing character: There is no l in font nullfont!
Missing character: There is no e in font nullfont!
Missing character: There is no e in font nullfont!
Missing character: There is no r in font nullfont!
Missing character: There is no e in font nullfont!
Missing character: There is no L in font nullfont!
Missing character: There is no i in font nullfont!
Missing character: There is no s in font nullfont!
Missing character: There is no t in font nullfont!
Missing character: There is no e in font nullfont!
Missing character: There is no m in font nullfont!
Missing character: There is no e in font nullfont!
Missing character: There is no i in font nullfont!
Missing character: There is no n in font nullfont!
Missing character: There is no e in font nullfont!
Missing character: There is no n in font nullfont!
Missing character: There is no ) in font nullfont!
Missing character: There is no , in font nullfont!
Missing character: There is no d in font nullfont!
Missing character: There is no a in font nullfont!
Missing character: There is no s in font nullfont!
Missing character: There is no i in font nullfont!
Missing character: There is no s in font nullfont!
Missing character: There is no t in font nullfont!
Missing character: There is no K in font nullfont!
Missing character: There is no o in font nullfont!
Missing character: There is no n in font nullfont!
Missing character: There is no s in font nullfont!
Missing character: There is no e in font nullfont!
Missing character: There is no q in font nullfont!
Missing character: There is no u in font nullfont!
Missing character: There is no e in font nullfont!
Missing character: There is no n in font nullfont!
Missing character: There is no z in font nullfont!
Missing character: There is no d in font nullfont!
Missing character: There is no e in font nullfont!
Missing character: There is no s in font nullfont!
Missing character: There is no S in font nullfont!
Missing character: There is no O in font nullfont!
Missing character: There is no S in font nullfont!
Missing character: There is no - in font nullfont!
Missing character: There is no T in font nullfont!
Missing character: There is no o in font nullfont!
Missing character: There is no k in font nullfont!
Missing character: There is no e in font nullfont!
Missing character: There is no n in font nullfont!
Missing character: There is no s in font nullfont!
Missing character: There is no ; in font nullfont!
c:/Users/kkwie/OneDrive/Dokumente/Latex/Maschine_Learning/Maschine_Learning/Ferdi/Ferdi.tex:33: Undefined control sequence.
l.33 Konsequenz des SOS-Tokens; $\ell_{\text
                                            {SEQ}}$ ist dabei im Wesentliche...
The control sequence at the end of the top line
of your error message was never \def'ed. If you have
misspelled it (e.g., `\hobx'), type `I' and the correct
spelling (e.g., `I\hbox'). Otherwise just continue,
and I'll forget about whatever was undefined.

Missing character: There is no i in font nullfont!
Missing character: There is no s in font nullfont!
Missing character: There is no t in font nullfont!
Missing character: There is no d in font nullfont!
Missing character: There is no a in font nullfont!
Missing character: There is no b in font nullfont!
Missing character: There is no e in font nullfont!
Missing character: There is no i in font nullfont!
Missing character: There is no i in font nullfont!
Missing character: There is no m in font nullfont!
Missing character: There is no W in font nullfont!
Missing character: There is no e in font nullfont!
Missing character: There is no s in font nullfont!
Missing character: There is no e in font nullfont!
Missing character: There is no n in font nullfont!
Missing character: There is no t in font nullfont!
Missing character: There is no l in font nullfont!
Missing character: There is no i in font nullfont!
Missing character: There is no c in font nullfont!
Missing character: There is no h in font nullfont!
Missing character: There is no e in font nullfont!
Missing character: There is no n in font nullfont!
Missing character: There is no d in font nullfont!
Missing character: There is no i in font nullfont!
Missing character: There is no e in font nullfont!
Missing character: There is no m in font nullfont!
Missing character: There is no a in font nullfont!
Missing character: There is no x in font nullfont!
Missing character: There is no i in font nullfont!
Missing character: There is no m in font nullfont!
Missing character: There is no a in font nullfont!
Missing character: There is no l in font nullfont!
Missing character: There is no e in font nullfont!
Missing character: There is no S in font nullfont!
Missing character: There is no e in font nullfont!
Missing character: There is no q in font nullfont!
Missing character: There is no u in font nullfont!
Missing character: There is no e in font nullfont!
Missing character: There is no n in font nullfont!
Missing character: There is no z in font nullfont!
Missing character: There is no l in font nullfont!
Missing character: There is no n in font nullfont!
Missing character: There is no g in font nullfont!
Missing character: There is no e in font nullfont!
Missing character: There is no , in font nullfont!
Missing character: There is no d in font nullfont!
Missing character: There is no i in font nullfont!
Missing character: There is no e in font nullfont!
Missing character: There is no d in font nullfont!
Missing character: There is no a in font nullfont!
Missing character: There is no s in font nullfont!
Missing character: There is no M in font nullfont!
Missing character: There is no o in font nullfont!
Missing character: There is no d in font nullfont!
Missing character: There is no e in font nullfont!
Missing character: There is no l in font nullfont!
Missing character: There is no l in font nullfont!
Missing character: There is no v in font nullfont!
Missing character: There is no e in font nullfont!
Missing character: There is no r in font nullfont!
Missing character: There is no a in font nullfont!
Missing character: There is no r in font nullfont!
Missing character: There is no b in font nullfont!
Missing character: There is no e in font nullfont!
Missing character: There is no i in font nullfont!
Missing character: There is no t in font nullfont!
Missing character: There is no e in font nullfont!
Missing character: There is no n in font nullfont!
Missing character: There is no k in font nullfont!
Missing character: There is no a in font nullfont!
Missing character: There is no n in font nullfont!
Missing character: There is no n in font nullfont!
Missing character: There is no , in font nullfont!
Missing character: There is no w in font nullfont!
Missing character: There is no i in font nullfont!
Missing character: There is no r in font nullfont!
Missing character: There is no w in font nullfont!
Missing character: There is no h in font nullfont!
Missing character: There is no l in font nullfont!
Missing character: There is no e in font nullfont!
Missing character: There is no n in font nullfont!
Missing character: There is no , in font nullfont!
Missing character: There is no f in font nullfont!
Missing character: There is no a in font nullfont!
Missing character: There is no l in font nullfont!
Missing character: There is no l in font nullfont!
Missing character: There is no s in font nullfont!
Missing character: There is no n in font nullfont!
Missing character: There is no i in font nullfont!
Missing character: There is no c in font nullfont!
Missing character: There is no h in font nullfont!
Missing character: There is no t in font nullfont!
Missing character: There is no a in font nullfont!
Missing character: There is no n in font nullfont!
Missing character: There is no d in font nullfont!
Missing character: There is no e in font nullfont!
Missing character: There is no r in font nullfont!
Missing character: There is no s in font nullfont!
Missing character: There is no g in font nullfont!
Missing character: There is no e in font nullfont!
Missing character: There is no n in font nullfont!
Missing character: There is no a in font nullfont!
Missing character: There is no n in font nullfont!
Missing character: There is no n in font nullfont!
Missing character: There is no t in font nullfont!
Missing character: There is no , in font nullfont!
c:/Users/kkwie/OneDrive/Dokumente/Latex/Maschine_Learning/Maschine_Learning/Ferdi/Ferdi.tex:34: Undefined control sequence.
l.34 anders genannt, $\ell_{\text
                                 {SEQ}} = 512$. \\
The control sequence at the end of the top line
of your error message was never \def'ed. If you have
misspelled it (e.g., `\hobx'), type `I' and the correct
spelling (e.g., `I\hbox'). Otherwise just continue,
and I'll forget about whatever was undefined.

Missing character: There is no . in font nullfont!
Missing character: There is no W in font nullfont!
Missing character: There is no i in font nullfont!
Missing character: There is no e in font nullfont!
Missing character: There is no s in font nullfont!
Missing character: There is no i in font nullfont!
Missing character: There is no c in font nullfont!
Missing character: There is no h in font nullfont!
Missing character: There is no d in font nullfont!
Missing character: There is no i in font nullfont!
Missing character: There is no e in font nullfont!
Missing character: There is no L in font nullfont!
Missing character: There is no n in font nullfont!
Missing character: There is no g in font nullfont!
Missing character: There is no e in font nullfont!
Missing character: There is no d in font nullfont!
Missing character: There is no e in font nullfont!
Missing character: There is no r in font nullfont!
Missing character: There is no A in font nullfont!
Missing character: There is no n in font nullfont!
Missing character: There is no f in font nullfont!
Missing character: There is no a in font nullfont!
Missing character: There is no n in font nullfont!
Missing character: There is no g in font nullfont!
Missing character: There is no s in font nullfont!
Missing character: There is no s in font nullfont!
Missing character: There is no e in font nullfont!
Missing character: There is no q in font nullfont!
Missing character: There is no u in font nullfont!
Missing character: There is no e in font nullfont!
Missing character: There is no n in font nullfont!
Missing character: There is no z in font nullfont!
Missing character: There is no a in font nullfont!
Missing character: There is no u in font nullfont!
Missing character: There is no f in font nullfont!
Missing character: There is no d in font nullfont!
Missing character: There is no i in font nullfont!
Missing character: There is no e in font nullfont!
Missing character: There is no V in font nullfont!
Missing character: There is no o in font nullfont!
Missing character: There is no r in font nullfont!
Missing character: There is no h in font nullfont!
Missing character: There is no e in font nullfont!
Missing character: There is no r in font nullfont!
Missing character: There is no s in font nullfont!
Missing character: There is no a in font nullfont!
Missing character: There is no g in font nullfont!
Missing character: There is no e in font nullfont!
Missing character: There is no d in font nullfont!
Missing character: There is no e in font nullfont!
Missing character: There is no s in font nullfont!
Missing character: There is no M in font nullfont!
Missing character: There is no o in font nullfont!
Missing character: There is no d in font nullfont!
Missing character: There is no e in font nullfont!
Missing character: There is no l in font nullfont!
Missing character: There is no l in font nullfont!
Missing character: There is no s in font nullfont!
Missing character: There is no a in font nullfont!
Missing character: There is no u in font nullfont!
Missing character: There is no s in font nullfont!
Missing character: There is no w in font nullfont!
Missing character: There is no i in font nullfont!
Missing character: There is no r in font nullfont!
Missing character: There is no k in font nullfont!
Missing character: There is no t in font nullfont!
Missing character: There is no , in font nullfont!
Missing character: There is no u in font nullfont!
Missing character: There is no n in font nullfont!
Missing character: There is no t in font nullfont!
Missing character: There is no e in font nullfont!
Missing character: There is no r in font nullfont!
Missing character: There is no s in font nullfont!
Missing character: There is no u in font nullfont!
Missing character: There is no c in font nullfont!
Missing character: There is no h in font nullfont!
Missing character: There is no e in font nullfont!
Missing character: There is no n in font nullfont!
Missing character: There is no w in font nullfont!
Missing character: There is no i in font nullfont!
Missing character: There is no r in font nullfont!
Missing character: There is no i in font nullfont!
Missing character: There is no n in font nullfont!
c:/Users/kkwie/OneDrive/Dokumente/Latex/Maschine_Learning/Maschine_Learning/Ferdi/Ferdi.tex:36: Undefined control sequence.
l.36 untersuchen wir in \autoref
                                {chap:ferdi:benchmark_tf}. \\
The control sequence at the end of the top line
of your error message was never \def'ed. If you have
misspelled it (e.g., `\hobx'), type `I' and the correct
spelling (e.g., `I\hbox'). Otherwise just continue,
and I'll forget about whatever was undefined.

Missing character: There is no c in font nullfont!
Missing character: There is no h in font nullfont!
Missing character: There is no a in font nullfont!
Missing character: There is no p in font nullfont!
Missing character: There is no : in font nullfont!
Missing character: There is no f in font nullfont!
Missing character: There is no e in font nullfont!
Missing character: There is no r in font nullfont!
Missing character: There is no d in font nullfont!
Missing character: There is no i in font nullfont!
Missing character: There is no : in font nullfont!
Missing character: There is no b in font nullfont!
Missing character: There is no e in font nullfont!
Missing character: There is no n in font nullfont!
Missing character: There is no c in font nullfont!
Missing character: There is no h in font nullfont!
Missing character: There is no m in font nullfont!
Missing character: There is no a in font nullfont!
Missing character: There is no r in font nullfont!
Missing character: There is no k in font nullfont!
c:/Users/kkwie/OneDrive/Dokumente/Latex/Maschine_Learning/Maschine_Learning/Ferdi/Ferdi.tex:36: Missing $ inserted.
<inserted text> 
                $
l.36 ...chen wir in \autoref{chap:ferdi:benchmark_
                                                  tf}. \\
I've inserted a begin-math/end-math symbol since I think
you left one out. Proceed, with fingers crossed.

c:/Users/kkwie/OneDrive/Dokumente/Latex/Maschine_Learning/Maschine_Learning/Ferdi/Ferdi.tex:36: Extra }, or forgotten $.
l.36 ...n wir in \autoref{chap:ferdi:benchmark_tf}
                                                  . \\
I've deleted a group-closing symbol because it seems to be
spurious, as in `$x}$'. But perhaps the } is legitimate and
you forgot something else, as in `\hbox{$x}'. In such cases
the way to recover is to insert both the forgotten and the
deleted material, e.g., by typing `I$}'.


LaTeX Warning: Command \" invalid in math mode on input line 37.


LaTeX Warning: Command \" invalid in math mode on input line 37.

c:/Users/kkwie/OneDrive/Dokumente/Latex/Maschine_Learning/Maschine_Learning/Ferdi/Ferdi.tex:37: Please use \mathaccent for accents in math mode.
\add@accent ... \let \ignorespaces \relax \accent 
                                                  #1 #2\egroup \ifmmode \els...
l.37 ...ll "entscheiden", wann das generierte Stü
                                                  ck endet; die Konsequenz d...
I'm changing \accent to \mathaccent here; wish me luck.
(Accents are not the same in formulas as they are in text.)

c:/Users/kkwie/OneDrive/Dokumente/Latex/Maschine_Learning/Maschine_Learning/Ferdi/Ferdi.tex:37: Missing { inserted.
<to be read again> 
                   \edef 
l.37 ...ll "entscheiden", wann das generierte Stü
                                                  ck endet; die Konsequenz d...
A left brace was mandatory here, so I've put one in.
You might want to delete and/or insert some corrections
so that I will find a matching right brace soon.
(If you're confused by all this, try typing `I}' now.)


LaTeX Warning: Command \" invalid in math mode on input line 38.

c:/Users/kkwie/OneDrive/Dokumente/Latex/Maschine_Learning/Maschine_Learning/Ferdi/Ferdi.tex:38: Please use \mathaccent for accents in math mode.
\add@accent ... \let \ignorespaces \relax \accent 
                                                  #1 #2\egroup \ifmmode \els...
l.38 ...leifen zu vermeiden, ist eine maximale Lä
                                                  nge aber dennoch zu setzen...
I'm changing \accent to \mathaccent here; wish me luck.
(Accents are not the same in formulas as they are in text.)

c:/Users/kkwie/OneDrive/Dokumente/Latex/Maschine_Learning/Maschine_Learning/Ferdi/Ferdi.tex:39: Undefined control sequence.
l.39 ...ien finden sich unter folgenden Link: \url
                                                  {https://www.kaggle.com/co...
The control sequence at the end of the top line
of your error message was never \def'ed. If you have
misspelled it (e.g., `\hobx'), type `I' and the correct
spelling (e.g., `I\hbox'). Otherwise just continue,
and I'll forget about whatever was undefined.

c:/Users/kkwie/OneDrive/Dokumente/Latex/Maschine_Learning/Maschine_Learning/Ferdi/Ferdi.tex:40: Missing $ inserted.
<inserted text> 
                $
l.40 
     
I've inserted a begin-math/end-math symbol since I think
you left one out. Proceed, with fingers crossed.

c:/Users/kkwie/OneDrive/Dokumente/Latex/Maschine_Learning/Maschine_Learning/Ferdi/Ferdi.tex:40: Missing } inserted.
<inserted text> 
                }
l.40 
     
I've inserted something that you may have forgotten.
(See the <inserted text> above.)
With luck, this will get me unwedged. But if you
really didn't forget anything, try typing `2' now; then
my insertion and my current dilemma will both disappear.


Overfull \hbox (20.0pt too wide) in paragraph at lines 27--40
[]
 []


Overfull \hbox (5.00002pt too wide) in paragraph at lines 27--40
\/cmr/m/n/10 ^^?a
 []


Overfull \hbox (49.18863pt too wide) in paragraph at lines 27--40
\/cmr/m/n/10 [\OML/cmm/m/it/10 n[]; [] ; n[]\/cmr/m/n/10 ]$
 []


Overfull \hbox (15.55553pt too wide) in paragraph at lines 27--40
\/cmr/m/n/10 0 \OMS/cmsy/m/n/10 ^^T
 []


Overfull \hbox (16.07635pt too wide) in paragraph at lines 27--40
\OML/cmm/m/it/10 k \OMS/cmsy/m/n/10 ^^T
 []


Overfull \hbox (22.5131pt too wide) in paragraph at lines 27--40
\OML/cmm/m/it/10 `[]$
 []


Overfull \hbox (5.55557pt too wide) in paragraph at lines 27--40
\/cmr/m/n/10 ^^?u
 []


Overfull \hbox (16.07635pt too wide) in paragraph at lines 27--40
\OML/cmm/m/it/10 k \/cmr/m/n/10 =
 []


Overfull \hbox (5.00002pt too wide) in paragraph at lines 27--40
\/cmr/m/n/10 0$
 []


Overfull \hbox (22.5131pt too wide) in paragraph at lines 27--40
\OML/cmm/m/it/10 `[]$
 []


Overfull \hbox (5.00002pt too wide) in paragraph at lines 27--40
\/cmr/m/n/10 ^^?a
 []


Overfull \hbox (5.00002pt too wide) in paragraph at lines 27--40
\/cmr/m/n/10 ^^?a
 []


Overfull \hbox (33.06862pt too wide) in paragraph at lines 27--40
\OML/cmm/m/it/10 `[] \/cmr/m/n/10 =
 []


Overfull \hbox (15.00005pt too wide) in paragraph at lines 27--40
\/cmr/m/n/10 512$ 
 []


Overfull \hbox (5.00002pt too wide) in paragraph at lines 27--40
\/cmr/m/n/10 ^^?a
 []


Overfull \hbox (11.71533pt too wide) in paragraph at lines 27--40
[]\OML/cmm/m/it/10 f:[] 
 []


Overfull \hbox (1493.35693pt too wide) in paragraph at lines 27--40
\OML/cmm/m/it/10 EbensolassenwirdasModell\/cmr/m/n/10 "\OML/cmm/m/it/10 entscheiden\/cmr/m/n/10 "\OML/cmm/m/it/10 ; wanndasgenerierteSt[]$ 
 []

c:/Users/kkwie/OneDrive/Dokumente/Latex/Maschine_Learning/Maschine_Learning/Ferdi/Ferdi.tex:41: Undefined control sequence.
l.41 \subsection
                {Die grundlegende Transformer-Architektur}\label{chap:ferdi:...
The control sequence at the end of the top line
of your error message was never \def'ed. If you have
misspelled it (e.g., `\hobx'), type `I' and the correct
spelling (e.g., `I\hbox'). Otherwise just continue,
and I'll forget about whatever was undefined.


c:/Users/kkwie/OneDrive/Dokumente/Latex/Maschine_Learning/Maschine_Learning/Ferdi/Ferdi.tex:41: LaTeX Error: Missing \begin{document}.

See the LaTeX manual or LaTeX Companion for explanation.
Type  H <return>  for immediate help.
 ...                                              
                                                  
l.41 \subsection{D
                  ie grundlegende Transformer-Architektur}\label{chap:ferdi:...
You're in trouble here.  Try typing  <return>  to proceed.
If that doesn't work, type  X <return>  to quit.

Missing character: There is no D in font nullfont!
Missing character: There is no i in font nullfont!
Missing character: There is no e in font nullfont!
Missing character: There is no g in font nullfont!
Missing character: There is no r in font nullfont!
Missing character: There is no u in font nullfont!
Missing character: There is no n in font nullfont!
Missing character: There is no d in font nullfont!
Missing character: There is no l in font nullfont!
Missing character: There is no e in font nullfont!
Missing character: There is no g in font nullfont!
Missing character: There is no e in font nullfont!
Missing character: There is no n in font nullfont!
Missing character: There is no d in font nullfont!
Missing character: There is no e in font nullfont!
Missing character: There is no T in font nullfont!
Missing character: There is no r in font nullfont!
Missing character: There is no a in font nullfont!
Missing character: There is no n in font nullfont!
Missing character: There is no s in font nullfont!
Missing character: There is no f in font nullfont!
Missing character: There is no o in font nullfont!
Missing character: There is no r in font nullfont!
Missing character: There is no m in font nullfont!
Missing character: There is no e in font nullfont!
Missing character: There is no r in font nullfont!
Missing character: There is no - in font nullfont!
Missing character: There is no A in font nullfont!
Missing character: There is no r in font nullfont!
Missing character: There is no c in font nullfont!
Missing character: There is no h in font nullfont!
Missing character: There is no i in font nullfont!
Missing character: There is no t in font nullfont!
Missing character: There is no e in font nullfont!
Missing character: There is no k in font nullfont!
Missing character: There is no t in font nullfont!
Missing character: There is no u in font nullfont!
Missing character: There is no r in font nullfont!

c:/Users/kkwie/OneDrive/Dokumente/Latex/Maschine_Learning/Maschine_Learning/Ferdi/Ferdi.tex:42: LaTeX Error: Environment figure undefined.

See the LaTeX manual or LaTeX Companion for explanation.
Type  H <return>  for immediate help.
 ...                                              
                                                  
l.42 \begin{figure}
                   [h]
Your command was ignored.
Type  I <command> <return>  to replace it with another command,
or  <return>  to continue without it.

Missing character: There is no [ in font nullfont!
Missing character: There is no h in font nullfont!
Missing character: There is no ] in font nullfont!
c:/Users/kkwie/OneDrive/Dokumente/Latex/Maschine_Learning/Maschine_Learning/Ferdi/Ferdi.tex:44: Undefined control sequence.
l.44     \includegraphics
                         [height=12cm]{basis_tf_ferdi.png}
The control sequence at the end of the top line
of your error message was never \def'ed. If you have
misspelled it (e.g., `\hobx'), type `I' and the correct
spelling (e.g., `I\hbox'). Otherwise just continue,
and I'll forget about whatever was undefined.

Missing character: There is no [ in font nullfont!
Missing character: There is no h in font nullfont!
Missing character: There is no e in font nullfont!
Missing character: There is no i in font nullfont!
Missing character: There is no g in font nullfont!
Missing character: There is no h in font nullfont!
Missing character: There is no t in font nullfont!
Missing character: There is no = in font nullfont!
Missing character: There is no 1 in font nullfont!
Missing character: There is no 2 in font nullfont!
Missing character: There is no c in font nullfont!
Missing character: There is no m in font nullfont!
Missing character: There is no ] in font nullfont!
Missing character: There is no b in font nullfont!
Missing character: There is no a in font nullfont!
Missing character: There is no s in font nullfont!
Missing character: There is no i in font nullfont!
Missing character: There is no s in font nullfont!
c:/Users/kkwie/OneDrive/Dokumente/Latex/Maschine_Learning/Maschine_Learning/Ferdi/Ferdi.tex:44: Missing $ inserted.
<inserted text> 
                $
l.44     \includegraphics[height=12cm]{basis_
                                             tf_ferdi.png}
I've inserted a begin-math/end-math symbol since I think
you left one out. Proceed, with fingers crossed.

c:/Users/kkwie/OneDrive/Dokumente/Latex/Maschine_Learning/Maschine_Learning/Ferdi/Ferdi.tex:44: Extra }, or forgotten $.
l.44 ...egraphics[height=12cm]{basis_tf_ferdi.png}
                                                  
I've deleted a group-closing symbol because it seems to be
spurious, as in `$x}$'. But perhaps the } is legitimate and
you forgot something else, as in `\hbox{$x}'. In such cases
the way to recover is to insert both the forgotten and the
deleted material, e.g., by typing `I$}'.


c:/Users/kkwie/OneDrive/Dokumente/Latex/Maschine_Learning/Maschine_Learning/Ferdi/Ferdi.tex:45: LaTeX Error: \caption outside float.

See the LaTeX manual or LaTeX Companion for explanation.
Type  H <return>  for immediate help.
 ...                                              
                                                  
l.45     \caption
                 {Grundlegende Struktur unseres Transformers}
You're in trouble here.  Try typing  <return>  to proceed.
If that doesn't work, type  X <return>  to quit.


c:/Users/kkwie/OneDrive/Dokumente/Latex/Maschine_Learning/Maschine_Learning/Ferdi/Ferdi.tex:47: LaTeX Error: \begin{document} ended by \end{figure}.

See the LaTeX manual or LaTeX Companion for explanation.
Type  H <return>  for immediate help.
 ...                                              
                                                  
l.47 \end{figure}
                 
Your command was ignored.
Type  I <command> <return>  to replace it with another command,
or  <return>  to continue without it.

c:/Users/kkwie/OneDrive/Dokumente/Latex/Maschine_Learning/Maschine_Learning/Ferdi/Ferdi.tex:47: Missing $ inserted.
<inserted text> 
                $
l.47 \end{figure}
                 
I've inserted something that you may have forgotten.
(See the <inserted text> above.)
With luck, this will get me unwedged. But if you
really didn't forget anything, try typing `2' now; then
my insertion and my current dilemma will both disappear.

c:/Users/kkwie/OneDrive/Dokumente/Latex/Maschine_Learning/Maschine_Learning/Ferdi/Ferdi.tex:47: Missing } inserted.
<inserted text> 
                }
l.47 \end{figure}
                 
I've inserted something that you may have forgotten.
(See the <inserted text> above.)
With luck, this will get me unwedged. But if you
really didn't forget anything, try typing `2' now; then
my insertion and my current dilemma will both disappear.


Overfull \hbox (20.0pt too wide) in paragraph at lines 41--48
[]
 []


Overfull \hbox (255.90794pt too wide) in paragraph at lines 41--48
[]\OML/cmm/m/it/10 f[]erdi:png[][]$ 
 []


c:/Users/kkwie/OneDrive/Dokumente/Latex/Maschine_Learning/Maschine_Learning/Ferdi/Ferdi.tex:49: LaTeX Error: Missing \begin{document}.

See the LaTeX manual or LaTeX Companion for explanation.
Type  H <return>  for immediate help.
 ...                                              
                                                  
l.49 F
      ür die konkrete Struktur orientieren wir uns an \cite{chollet2021lear...
You're in trouble here.  Try typing  <return>  to proceed.
If that doesn't work, type  X <return>  to quit.

Missing character: There is no F in font nullfont!
Missing character: There is no r in font nullfont!
Missing character: There is no d in font nullfont!
Missing character: There is no i in font nullfont!
Missing character: There is no e in font nullfont!
Missing character: There is no k in font nullfont!
Missing character: There is no o in font nullfont!
Missing character: There is no n in font nullfont!
Missing character: There is no k in font nullfont!
Missing character: There is no r in font nullfont!
Missing character: There is no e in font nullfont!
Missing character: There is no t in font nullfont!
Missing character: There is no e in font nullfont!
Missing character: There is no S in font nullfont!
Missing character: There is no t in font nullfont!
Missing character: There is no r in font nullfont!
Missing character: There is no u in font nullfont!
Missing character: There is no k in font nullfont!
Missing character: There is no t in font nullfont!
Missing character: There is no u in font nullfont!
Missing character: There is no r in font nullfont!
Missing character: There is no o in font nullfont!
Missing character: There is no r in font nullfont!
Missing character: There is no i in font nullfont!
Missing character: There is no e in font nullfont!
Missing character: There is no n in font nullfont!
Missing character: There is no t in font nullfont!
Missing character: There is no i in font nullfont!
Missing character: There is no e in font nullfont!
Missing character: There is no r in font nullfont!
Missing character: There is no e in font nullfont!
Missing character: There is no n in font nullfont!
Missing character: There is no w in font nullfont!
Missing character: There is no i in font nullfont!
Missing character: There is no r in font nullfont!
Missing character: There is no u in font nullfont!
Missing character: There is no n in font nullfont!
Missing character: There is no s in font nullfont!
Missing character: There is no a in font nullfont!
Missing character: There is no n in font nullfont!
Missing character: There is no [ in font nullfont!
\citation{chollet2021learning_ferdi}
c:/Users/kkwie/OneDrive/Dokumente/Latex/Maschine_Learning/Maschine_Learning/Ferdi/Ferdi.tex:49: Undefined control sequence.
<write> ...: Citation `\@citeb ' on page \thepage 
                                                  \space undefined\on@line .
l.49 ...ir uns an \cite{chollet2021learning_ferdi}
                                                  , Da wir während der Infe...
The control sequence at the end of the top line
of your error message was never \def'ed. If you have
misspelled it (e.g., `\hobx'), type `I' and the correct
spelling (e.g., `I\hbox'). Otherwise just continue,
and I'll forget about whatever was undefined.


LaTeX Warning: Citation `chollet2021learning_ferdi' on page  undefined on input line 49.

Missing character: There is no ] in font nullfont!
Missing character: There is no , in font nullfont!
Missing character: There is no D in font nullfont!
Missing character: There is no a in font nullfont!
Missing character: There is no w in font nullfont!
Missing character: There is no i in font nullfont!
Missing character: There is no r in font nullfont!
Missing character: There is no w in font nullfont!
Missing character: There is no h in font nullfont!
Missing character: There is no r in font nullfont!
Missing character: There is no e in font nullfont!
Missing character: There is no n in font nullfont!
Missing character: There is no d in font nullfont!
Missing character: There is no d in font nullfont!
Missing character: There is no e in font nullfont!
Missing character: There is no r in font nullfont!
Missing character: There is no I in font nullfont!
Missing character: There is no n in font nullfont!
Missing character: There is no f in font nullfont!
Missing character: There is no e in font nullfont!
Missing character: There is no r in font nullfont!
Missing character: There is no e in font nullfont!
Missing character: There is no n in font nullfont!
Missing character: There is no z in font nullfont!
Missing character: There is no n in font nullfont!
Missing character: There is no u in font nullfont!
Missing character: There is no r in font nullfont!
Missing character: There is no Z in font nullfont!
Missing character: There is no u in font nullfont!
Missing character: There is no g in font nullfont!
Missing character: There is no r in font nullfont!
Missing character: There is no i in font nullfont!
Missing character: There is no f in font nullfont!
Missing character: There is no f in font nullfont!
Missing character: There is no a in font nullfont!
Missing character: There is no u in font nullfont!
Missing character: There is no f in font nullfont!
Missing character: There is no d in font nullfont!
Missing character: There is no i in font nullfont!
Missing character: There is no e in font nullfont!
Missing character: There is no b in font nullfont!
Missing character: There is no i in font nullfont!
Missing character: There is no s in font nullfont!
Missing character: There is no h in font nullfont!
Missing character: There is no e in font nullfont!
Missing character: There is no r in font nullfont!
Missing character: There is no i in font nullfont!
Missing character: There is no g in font nullfont!
Missing character: There is no e in font nullfont!
Missing character: There is no n in font nullfont!
Missing character: There is no N in font nullfont!
Missing character: There is no o in font nullfont!
Missing character: There is no t in font nullfont!
Missing character: There is no e in font nullfont!
Missing character: There is no n in font nullfont!
Missing character: There is no h in font nullfont!
Missing character: There is no a in font nullfont!
Missing character: There is no b in font nullfont!
Missing character: There is no e in font nullfont!
Missing character: There is no n in font nullfont!
Missing character: There is no , in font nullfont!
Missing character: There is no i in font nullfont!
Missing character: There is no m in font nullfont!
Missing character: There is no p in font nullfont!
Missing character: There is no l in font nullfont!
Missing character: There is no e in font nullfont!
Missing character: There is no m in font nullfont!
Missing character: There is no e in font nullfont!
Missing character: There is no n in font nullfont!
Missing character: There is no t in font nullfont!
Missing character: There is no i in font nullfont!
Missing character: There is no e in font nullfont!
Missing character: There is no r in font nullfont!
Missing character: There is no e in font nullfont!
Missing character: There is no n in font nullfont!
Missing character: There is no w in font nullfont!
Missing character: There is no i in font nullfont!
Missing character: There is no r in font nullfont!
Missing character: There is no e in font nullfont!
Missing character: There is no i in font nullfont!
Missing character: There is no n in font nullfont!
Missing character: There is no e in font nullfont!
Missing character: There is no n in font nullfont!
Missing character: There is no D in font nullfont!
Missing character: There is no e in font nullfont!
Missing character: There is no c in font nullfont!
Missing character: There is no o in font nullfont!
Missing character: There is no d in font nullfont!
Missing character: There is no e in font nullfont!
Missing character: There is no r in font nullfont!
Missing character: There is no - in font nullfont!
Missing character: There is no O in font nullfont!
Missing character: There is no n in font nullfont!
Missing character: There is no l in font nullfont!
Missing character: There is no y in font nullfont!
Missing character: There is no - in font nullfont!
Missing character: There is no T in font nullfont!
Missing character: There is no r in font nullfont!
Missing character: There is no a in font nullfont!
Missing character: There is no n in font nullfont!
Missing character: There is no s in font nullfont!
Missing character: There is no f in font nullfont!
Missing character: There is no o in font nullfont!
Missing character: There is no r in font nullfont!
Missing character: There is no m in font nullfont!
Missing character: There is no e in font nullfont!
Missing character: There is no r in font nullfont!
Missing character: There is no . in font nullfont!
Missing character: There is no D in font nullfont!
Missing character: There is no i in font nullfont!
Missing character: There is no e in font nullfont!
Missing character: There is no i in font nullfont!
Missing character: There is no n in font nullfont!
c:/Users/kkwie/OneDrive/Dokumente/Latex/Maschine_Learning/Maschine_Learning/Ferdi/Ferdi.tex:51: Undefined control sequence.
l.51 \autoref
             {fig:ferdi:visualization_tf} dargestellte Architektur lässt si...
The control sequence at the end of the top line
of your error message was never \def'ed. If you have
misspelled it (e.g., `\hobx'), type `I' and the correct
spelling (e.g., `I\hbox'). Otherwise just continue,
and I'll forget about whatever was undefined.

Missing character: There is no f in font nullfont!
Missing character: There is no i in font nullfont!
Missing character: There is no g in font nullfont!
Missing character: There is no : in font nullfont!
Missing character: There is no f in font nullfont!
Missing character: There is no e in font nullfont!
Missing character: There is no r in font nullfont!
Missing character: There is no d in font nullfont!
Missing character: There is no i in font nullfont!
Missing character: There is no : in font nullfont!
Missing character: There is no v in font nullfont!
Missing character: There is no i in font nullfont!
Missing character: There is no s in font nullfont!
Missing character: There is no u in font nullfont!
Missing character: There is no a in font nullfont!
Missing character: There is no l in font nullfont!
Missing character: There is no i in font nullfont!
Missing character: There is no z in font nullfont!
Missing character: There is no a in font nullfont!
Missing character: There is no t in font nullfont!
Missing character: There is no i in font nullfont!
Missing character: There is no o in font nullfont!
Missing character: There is no n in font nullfont!
c:/Users/kkwie/OneDrive/Dokumente/Latex/Maschine_Learning/Maschine_Learning/Ferdi/Ferdi.tex:51: Missing $ inserted.
<inserted text> 
                $
l.51 \autoref{fig:ferdi:visualization_
                                      tf} dargestellte Architektur lässt si...
I've inserted a begin-math/end-math symbol since I think
you left one out. Proceed, with fingers crossed.

c:/Users/kkwie/OneDrive/Dokumente/Latex/Maschine_Learning/Maschine_Learning/Ferdi/Ferdi.tex:51: Extra }, or forgotten $.
l.51 \autoref{fig:ferdi:visualization_tf}
                                          dargestellte Architektur lässt si...
I've deleted a group-closing symbol because it seems to be
spurious, as in `$x}$'. But perhaps the } is legitimate and
you forgot something else, as in `\hbox{$x}'. In such cases
the way to recover is to insert both the forgotten and the
deleted material, e.g., by typing `I$}'.


LaTeX Warning: Command \" invalid in math mode on input line 51.


LaTeX Warning: Command \" invalid in math mode on input line 51.

c:/Users/kkwie/OneDrive/Dokumente/Latex/Maschine_Learning/Maschine_Learning/Ferdi/Ferdi.tex:51: Please use \mathaccent for accents in math mode.
\add@accent ... \let \ignorespaces \relax \accent 
                                                  #1 #2\egroup \ifmmode \els...
l.51 ...alization_tf} dargestellte Architektur lä
                                                  sst sich in folgende Kompo...
I'm changing \accent to \mathaccent here; wish me luck.
(Accents are not the same in formulas as they are in text.)

c:/Users/kkwie/OneDrive/Dokumente/Latex/Maschine_Learning/Maschine_Learning/Ferdi/Ferdi.tex:51: Missing { inserted.
<to be read again> 
                   \edef 
l.51 ...alization_tf} dargestellte Architektur lä
                                                  sst sich in folgende Kompo...
A left brace was mandatory here, so I've put one in.
You might want to delete and/or insert some corrections
so that I will find a matching right brace soon.
(If you're confused by all this, try typing `I}' now.)


LaTeX Warning: Command \" invalid in math mode on input line 52.

c:/Users/kkwie/OneDrive/Dokumente/Latex/Maschine_Learning/Maschine_Learning/Ferdi/Ferdi.tex:52: Please use \mathaccent for accents in math mode.
\add@accent ... \let \ignorespaces \relax \accent 
                                                  #1 #2\egroup \ifmmode \els...
l.52 ... entscheidenden Stellen Hyperparameter wä
                                                  hlen müssen, die die Kapa...
I'm changing \accent to \mathaccent here; wish me luck.
(Accents are not the same in formulas as they are in text.)


LaTeX Warning: Command \" invalid in math mode on input line 52.

c:/Users/kkwie/OneDrive/Dokumente/Latex/Maschine_Learning/Maschine_Learning/Ferdi/Ferdi.tex:52: Please use \mathaccent for accents in math mode.
\add@accent ... \let \ignorespaces \relax \accent 
                                                  #1 #2\egroup \ifmmode \els...
l.52 ...idenden Stellen Hyperparameter wählen mü
                                                  ssen, die die Kapazität u...
I'm changing \accent to \mathaccent here; wish me luck.
(Accents are not the same in formulas as they are in text.)


LaTeX Warning: Command \" invalid in math mode on input line 52.

c:/Users/kkwie/OneDrive/Dokumente/Latex/Maschine_Learning/Maschine_Learning/Ferdi/Ferdi.tex:52: Please use \mathaccent for accents in math mode.
\add@accent ... \let \ignorespaces \relax \accent 
                                                  #1 #2\egroup \ifmmode \els...
l.52 ...rameter wählen müssen, die die Kapazitä
                                                  t und das Lernverhalten des
I'm changing \accent to \mathaccent here; wish me luck.
(Accents are not the same in formulas as they are in text.)

c:/Users/kkwie/OneDrive/Dokumente/Latex/Maschine_Learning/Maschine_Learning/Ferdi/Ferdi.tex:54: Missing $ inserted.
<inserted text> 
                $
l.54  \begin{itemize}
                     
I've inserted a begin-math/end-math symbol since I think
you left one out. Proceed, with fingers crossed.

c:/Users/kkwie/OneDrive/Dokumente/Latex/Maschine_Learning/Maschine_Learning/Ferdi/Ferdi.tex:54: Missing \endgroup inserted.
<inserted text> 
                \endgroup 
l.54  \begin{itemize}
                     
I've inserted something that you may have forgotten.
(See the <inserted text> above.)
With luck, this will get me unwedged. But if you
really didn't forget anything, try typing `2' now; then
my insertion and my current dilemma will both disappear.

c:/Users/kkwie/OneDrive/Dokumente/Latex/Maschine_Learning/Maschine_Learning/Ferdi/Ferdi.tex:54: Missing } inserted.
<inserted text> 
                }
l.54  \begin{itemize}
                     
I've inserted something that you may have forgotten.
(See the <inserted text> above.)
With luck, this will get me unwedged. But if you
really didn't forget anything, try typing `2' now; then
my insertion and my current dilemma will both disappear.


Overfull \hbox (25.55557pt too wide) in paragraph at lines 49--54
[]\/cmr/m/n/10 ^^?u
 []


Overfull \hbox (5.43053pt too wide) in paragraph at lines 49--54
[]
 []


Overfull \hbox (5.00002pt too wide) in paragraph at lines 49--54
\/cmr/m/n/10 ^^?a
 []


Overfull \hbox (907.2053pt too wide) in paragraph at lines 49--54
[]\OML/cmm/m/it/10 fdargestellteArchitekturl[]$ 
 []


c:/Users/kkwie/OneDrive/Dokumente/Latex/Maschine_Learning/Maschine_Learning/Ferdi/Ferdi.tex:55: LaTeX Error: Lonely \item--perhaps a missing list environment.

See the LaTeX manual or LaTeX Companion for explanation.
Type  H <return>  for immediate help.
 ...                                              
                                                  
l.55     \item W
                ie im Ansatz mit RNNs werden die diskreten Input-Tokens in V...
Try typing  <return>  to proceed.
If that doesn't work, type  X <return>  to quit.

Missing character: There is no W in font nullfont!
Missing character: There is no i in font nullfont!
Missing character: There is no e in font nullfont!
Missing character: There is no i in font nullfont!
Missing character: There is no m in font nullfont!
Missing character: There is no A in font nullfont!
Missing character: There is no n in font nullfont!
Missing character: There is no s in font nullfont!
Missing character: There is no a in font nullfont!
Missing character: There is no t in font nullfont!
Missing character: There is no z in font nullfont!
Missing character: There is no m in font nullfont!
Missing character: There is no i in font nullfont!
Missing character: There is no t in font nullfont!
Missing character: There is no R in font nullfont!
Missing character: There is no N in font nullfont!
Missing character: There is no N in font nullfont!
Missing character: There is no s in font nullfont!
Missing character: There is no w in font nullfont!
Missing character: There is no e in font nullfont!
Missing character: There is no r in font nullfont!
Missing character: There is no d in font nullfont!
Missing character: There is no e in font nullfont!
Missing character: There is no n in font nullfont!
Missing character: There is no d in font nullfont!
Missing character: There is no i in font nullfont!
Missing character: There is no e in font nullfont!
Missing character: There is no d in font nullfont!
Missing character: There is no i in font nullfont!
Missing character: There is no s in font nullfont!
Missing character: There is no k in font nullfont!
Missing character: There is no r in font nullfont!
Missing character: There is no e in font nullfont!
Missing character: There is no t in font nullfont!
Missing character: There is no e in font nullfont!
Missing character: There is no n in font nullfont!
Missing character: There is no I in font nullfont!
Missing character: There is no n in font nullfont!
Missing character: There is no p in font nullfont!
Missing character: There is no u in font nullfont!
Missing character: There is no t in font nullfont!
Missing character: There is no - in font nullfont!
Missing character: There is no T in font nullfont!
Missing character: There is no o in font nullfont!
Missing character: There is no k in font nullfont!
Missing character: There is no e in font nullfont!
Missing character: There is no n in font nullfont!
Missing character: There is no s in font nullfont!
Missing character: There is no i in font nullfont!
Missing character: There is no n in font nullfont!
Missing character: There is no V in font nullfont!
Missing character: There is no e in font nullfont!
Missing character: There is no k in font nullfont!
Missing character: There is no t in font nullfont!
Missing character: There is no o in font nullfont!
Missing character: There is no r in font nullfont!
Missing character: There is no e in font nullfont!
Missing character: There is no n in font nullfont!
Missing character: There is no d in font nullfont!
Missing character: There is no e in font nullfont!
Missing character: There is no r in font nullfont!
Missing character: There is no D in font nullfont!
Missing character: There is no i in font nullfont!
Missing character: There is no m in font nullfont!
Missing character: There is no e in font nullfont!
Missing character: There is no n in font nullfont!
Missing character: There is no s in font nullfont!
Missing character: There is no i in font nullfont!
Missing character: There is no o in font nullfont!
Missing character: There is no n in font nullfont!
c:/Users/kkwie/OneDrive/Dokumente/Latex/Maschine_Learning/Maschine_Learning/Ferdi/Ferdi.tex:55: Undefined control sequence.
l.55 ...Tokens in Vektoren der Dimension $d_{\text
                                                  {emb}}$
The control sequence at the end of the top line
of your error message was never \def'ed. If you have
misspelled it (e.g., `\hobx'), type `I' and the correct
spelling (e.g., `I\hbox'). Otherwise just continue,
and I'll forget about whatever was undefined.

Missing character: There is no e in font nullfont!
Missing character: There is no i in font nullfont!
Missing character: There is no n in font nullfont!
Missing character: There is no g in font nullfont!
Missing character: There is no e in font nullfont!
Missing character: There is no b in font nullfont!
Missing character: There is no e in font nullfont!
Missing character: There is no t in font nullfont!
Missing character: There is no t in font nullfont!
Missing character: There is no e in font nullfont!
Missing character: There is no t in font nullfont!
Missing character: There is no . in font nullfont!
Missing character: There is no U in font nullfont!
Missing character: There is no m in font nullfont!
Missing character: There is no I in font nullfont!
Missing character: There is no n in font nullfont!
Missing character: There is no f in font nullfont!
Missing character: There is no o in font nullfont!
Missing character: There is no r in font nullfont!
Missing character: There is no m in font nullfont!
Missing character: There is no a in font nullfont!
Missing character: There is no t in font nullfont!
Missing character: There is no i in font nullfont!
Missing character: There is no o in font nullfont!
Missing character: There is no n in font nullfont!
Missing character: There is no e in font nullfont!
Missing character: There is no n in font nullfont!
Missing character: There is no b in font nullfont!
Missing character: There is no e in font nullfont!
Missing character: There is no r in font nullfont!
Missing character: There is no d in font nullfont!
Missing character: There is no i in font nullfont!
Missing character: There is no e in font nullfont!
Missing character: There is no P in font nullfont!
Missing character: There is no o in font nullfont!
Missing character: There is no s in font nullfont!
Missing character: There is no i in font nullfont!
Missing character: There is no t in font nullfont!
Missing character: There is no i in font nullfont!
Missing character: There is no o in font nullfont!
Missing character: There is no n in font nullfont!
Missing character: There is no e in font nullfont!
Missing character: There is no n in font nullfont!
Missing character: There is no z in font nullfont!
Missing character: There is no u in font nullfont!
Missing character: There is no e in font nullfont!
Missing character: There is no r in font nullfont!
Missing character: There is no h in font nullfont!
Missing character: There is no a in font nullfont!
Missing character: There is no l in font nullfont!
Missing character: There is no t in font nullfont!
Missing character: There is no e in font nullfont!
Missing character: There is no n in font nullfont!
Missing character: There is no , in font nullfont!
Missing character: There is no a in font nullfont!
Missing character: There is no d in font nullfont!
Missing character: There is no d in font nullfont!
Missing character: There is no i in font nullfont!
Missing character: There is no e in font nullfont!
Missing character: There is no r in font nullfont!
Missing character: There is no e in font nullfont!
Missing character: There is no n in font nullfont!
Missing character: There is no w in font nullfont!
Missing character: There is no i in font nullfont!
Missing character: There is no r in font nullfont!
Missing character: There is no p in font nullfont!
Missing character: There is no o in font nullfont!
Missing character: There is no s in font nullfont!
Missing character: There is no i in font nullfont!
Missing character: There is no t in font nullfont!
Missing character: There is no i in font nullfont!
Missing character: There is no o in font nullfont!
Missing character: There is no n in font nullfont!
Missing character: There is no s in font nullfont!
Missing character: There is no a in font nullfont!
Missing character: There is no b in font nullfont!
Missing character: There is no h in font nullfont!
Missing character: There is no n in font nullfont!
Missing character: There is no g in font nullfont!
Missing character: There is no i in font nullfont!
Missing character: There is no g in font nullfont!
Missing character: There is no e in font nullfont!
Missing character: There is no V in font nullfont!
Missing character: There is no e in font nullfont!
Missing character: There is no k in font nullfont!
Missing character: There is no t in font nullfont!
Missing character: There is no o in font nullfont!
Missing character: There is no r in font nullfont!
Missing character: There is no e in font nullfont!
Missing character: There is no n in font nullfont!
Missing character: There is no g in font nullfont!
Missing character: There is no l in font nullfont!
Missing character: There is no e in font nullfont!
Missing character: There is no i in font nullfont!
Missing character: There is no c in font nullfont!
Missing character: There is no h in font nullfont!
Missing character: There is no e in font nullfont!
Missing character: There is no r in font nullfont!
Missing character: There is no D in font nullfont!
Missing character: There is no i in font nullfont!
Missing character: There is no m in font nullfont!
Missing character: There is no e in font nullfont!
Missing character: There is no n in font nullfont!
Missing character: There is no s in font nullfont!
Missing character: There is no i in font nullfont!
Missing character: There is no o in font nullfont!
Missing character: There is no n in font nullfont!
Missing character: There is no , in font nullfont!
Missing character: There is no i in font nullfont!
Missing character: There is no n in font nullfont!
Missing character: There is no u in font nullfont!
Missing character: There is no n in font nullfont!
Missing character: There is no s in font nullfont!
Missing character: There is no e in font nullfont!
Missing character: There is no r in font nullfont!
Missing character: There is no e in font nullfont!
Missing character: There is no m in font nullfont!
Missing character: There is no F in font nullfont!
Missing character: There is no a in font nullfont!
Missing character: There is no l in font nullfont!
Missing character: There is no l in font nullfont!
Missing character: There is no n in font nullfont!
Missing character: There is no u in font nullfont!
Missing character: There is no t in font nullfont!
Missing character: There is no z in font nullfont!
Missing character: There is no e in font nullfont!
Missing character: There is no n in font nullfont!
Missing character: There is no w in font nullfont!
Missing character: There is no i in font nullfont!
Missing character: There is no r in font nullfont!
Missing character: There is no d in font nullfont!
Missing character: There is no a in font nullfont!
Missing character: There is no s in font nullfont!
Missing character: There is no i in font nullfont!
Missing character: There is no n in font nullfont!
Missing character: There is no [ in font nullfont!
\citation{vaswani2017attention_ferdi}
c:/Users/kkwie/OneDrive/Dokumente/Latex/Maschine_Learning/Maschine_Learning/Ferdi/Ferdi.tex:57: Undefined control sequence.
<write> ...: Citation `\@citeb ' on page \thepage 
                                                  \space undefined\on@line .
l.57 ...r das in \cite{vaswani2017attention_ferdi}
                                                   vorgestellte
The control sequence at the end of the top line
of your error message was never \def'ed. If you have
misspelled it (e.g., `\hobx'), type `I' and the correct
spelling (e.g., `I\hbox'). Otherwise just continue,
and I'll forget about whatever was undefined.


LaTeX Warning: Citation `vaswani2017attention_ferdi' on page  undefined on input line 57.

Missing character: There is no ] in font nullfont!
Missing character: There is no v in font nullfont!
Missing character: There is no o in font nullfont!
Missing character: There is no r in font nullfont!
Missing character: There is no g in font nullfont!
Missing character: There is no e in font nullfont!
Missing character: There is no s in font nullfont!
Missing character: There is no t in font nullfont!
Missing character: There is no e in font nullfont!
Missing character: There is no l in font nullfont!
Missing character: There is no l in font nullfont!
Missing character: There is no t in font nullfont!
Missing character: There is no e in font nullfont!
Missing character: There is no P in font nullfont!
Missing character: There is no o in font nullfont!
Missing character: There is no s in font nullfont!
Missing character: There is no i in font nullfont!
Missing character: There is no t in font nullfont!
Missing character: There is no i in font nullfont!
Missing character: There is no o in font nullfont!
Missing character: There is no n in font nullfont!
Missing character: There is no a in font nullfont!
Missing character: There is no l in font nullfont!
Missing character: There is no - in font nullfont!
Missing character: There is no E in font nullfont!
Missing character: There is no n in font nullfont!
Missing character: There is no c in font nullfont!
Missing character: There is no o in font nullfont!
Missing character: There is no d in font nullfont!
Missing character: There is no i in font nullfont!
Missing character: There is no n in font nullfont!
Missing character: There is no g in font nullfont!
Missing character: There is no . in font nullfont!

Overfull \hbox (20.11176pt too wide) in paragraph at lines 55--59
\OML/cmm/m/it/10 d[]$
 []


Overfull \hbox (5.55557pt too wide) in paragraph at lines 55--59
\/cmr/m/n/10 ^^?u
 []


Overfull \hbox (5.00002pt too wide) in paragraph at lines 55--59
\/cmr/m/n/10 ^^?a
 []


Overfull \hbox (5.43053pt too wide) in paragraph at lines 55--59
[] 
 []


c:/Users/kkwie/OneDrive/Dokumente/Latex/Maschine_Learning/Maschine_Learning/Ferdi/Ferdi.tex:59: LaTeX Error: Lonely \item--perhaps a missing list environment.

See the LaTeX manual or LaTeX Companion for explanation.
Type  H <return>  for immediate help.
 ...                                              
                                                  
l.59     \item D
                as Herzstück unseres Transformers ist natürlich die Multi-...
Try typing  <return>  to proceed.
If that doesn't work, type  X <return>  to quit.

Missing character: There is no D in font nullfont!
Missing character: There is no a in font nullfont!
Missing character: There is no s in font nullfont!
Missing character: There is no H in font nullfont!
Missing character: There is no e in font nullfont!
Missing character: There is no r in font nullfont!
Missing character: There is no z in font nullfont!
Missing character: There is no s in font nullfont!
Missing character: There is no t in font nullfont!
Missing character: There is no c in font nullfont!
Missing character: There is no k in font nullfont!
Missing character: There is no u in font nullfont!
Missing character: There is no n in font nullfont!
Missing character: There is no s in font nullfont!
Missing character: There is no e in font nullfont!
Missing character: There is no r in font nullfont!
Missing character: There is no e in font nullfont!
Missing character: There is no s in font nullfont!
Missing character: There is no T in font nullfont!
Missing character: There is no r in font nullfont!
Missing character: There is no a in font nullfont!
Missing character: There is no n in font nullfont!
Missing character: There is no s in font nullfont!
Missing character: There is no f in font nullfont!
Missing character: There is no o in font nullfont!
Missing character: There is no r in font nullfont!
Missing character: There is no m in font nullfont!
Missing character: There is no e in font nullfont!
Missing character: There is no r in font nullfont!
Missing character: There is no s in font nullfont!
Missing character: There is no i in font nullfont!
Missing character: There is no s in font nullfont!
Missing character: There is no t in font nullfont!
Missing character: There is no n in font nullfont!
Missing character: There is no a in font nullfont!
Missing character: There is no t in font nullfont!
Missing character: There is no r in font nullfont!
Missing character: There is no l in font nullfont!
Missing character: There is no i in font nullfont!
Missing character: There is no c in font nullfont!
Missing character: There is no h in font nullfont!
Missing character: There is no d in font nullfont!
Missing character: There is no i in font nullfont!
Missing character: There is no e in font nullfont!
Missing character: There is no M in font nullfont!
Missing character: There is no u in font nullfont!
Missing character: There is no l in font nullfont!
Missing character: There is no t in font nullfont!
Missing character: There is no i in font nullfont!
Missing character: There is no - in font nullfont!
Missing character: There is no H in font nullfont!
Missing character: There is no e in font nullfont!
Missing character: There is no a in font nullfont!
Missing character: There is no d in font nullfont!
Missing character: There is no - in font nullfont!
Missing character: There is no A in font nullfont!
Missing character: There is no t in font nullfont!
Missing character: There is no t in font nullfont!
Missing character: There is no e in font nullfont!
Missing character: There is no n in font nullfont!
Missing character: There is no t in font nullfont!
Missing character: There is no i in font nullfont!
Missing character: There is no o in font nullfont!
Missing character: There is no n in font nullfont!
Missing character: There is no , in font nullfont!
Missing character: There is no d in font nullfont!
Missing character: There is no i in font nullfont!
Missing character: There is no e in font nullfont!
Missing character: There is no A in font nullfont!
Missing character: There is no n in font nullfont!
Missing character: There is no z in font nullfont!
Missing character: There is no a in font nullfont!
Missing character: There is no h in font nullfont!
Missing character: There is no l in font nullfont!
Missing character: There is no d in font nullfont!
Missing character: There is no e in font nullfont!
Missing character: There is no r in font nullfont!
Missing character: There is no A in font nullfont!
Missing character: There is no t in font nullfont!
Missing character: There is no t in font nullfont!
Missing character: There is no e in font nullfont!
Missing character: There is no n in font nullfont!
Missing character: There is no t in font nullfont!
Missing character: There is no i in font nullfont!
Missing character: There is no o in font nullfont!
Missing character: There is no n in font nullfont!
Missing character: There is no s in font nullfont!
Missing character: There is no - in font nullfont!
Missing character: There is no H in font nullfont!
Missing character: There is no e in font nullfont!
Missing character: There is no a in font nullfont!
Missing character: There is no d in font nullfont!
Missing character: There is no s in font nullfont!
Missing character: There is no k in font nullfont!
Missing character: There is no n in font nullfont!
Missing character: There is no n in font nullfont!
Missing character: There is no e in font nullfont!
Missing character: There is no n in font nullfont!
Missing character: There is no w in font nullfont!
Missing character: There is no i in font nullfont!
Missing character: There is no r in font nullfont!
Missing character: There is no a in font nullfont!
Missing character: There is no l in font nullfont!
Missing character: There is no s in font nullfont!
Missing character: There is no w in font nullfont!
Missing character: There is no e in font nullfont!
Missing character: There is no i in font nullfont!
Missing character: There is no t in font nullfont!
Missing character: There is no e in font nullfont!
Missing character: There is no r in font nullfont!
Missing character: There is no e in font nullfont!
Missing character: There is no n in font nullfont!
Missing character: There is no H in font nullfont!
Missing character: There is no y in font nullfont!
Missing character: There is no p in font nullfont!
Missing character: There is no e in font nullfont!
Missing character: There is no r in font nullfont!
Missing character: There is no p in font nullfont!
Missing character: There is no a in font nullfont!
Missing character: There is no r in font nullfont!
Missing character: There is no a in font nullfont!
Missing character: There is no m in font nullfont!
Missing character: There is no e in font nullfont!
Missing character: There is no t in font nullfont!
Missing character: There is no e in font nullfont!
Missing character: There is no r in font nullfont!
Missing character: There is no w in font nullfont!
Missing character: There is no h in font nullfont!
Missing character: There is no l in font nullfont!
Missing character: There is no e in font nullfont!
Missing character: There is no n in font nullfont!
Missing character: There is no . in font nullfont!
Missing character: There is no E in font nullfont!
Missing character: There is no n in font nullfont!
Missing character: There is no t in font nullfont!
Missing character: There is no s in font nullfont!
Missing character: There is no c in font nullfont!
Missing character: There is no h in font nullfont!
Missing character: There is no e in font nullfont!
Missing character: There is no i in font nullfont!
Missing character: There is no d in font nullfont!
Missing character: There is no e in font nullfont!
Missing character: There is no n in font nullfont!
Missing character: There is no d in font nullfont!
Missing character: There is no i in font nullfont!
Missing character: There is no s in font nullfont!
Missing character: There is no t in font nullfont!
Missing character: There is no f in font nullfont!
Missing character: There is no r in font nullfont!
Missing character: There is no u in font nullfont!
Missing character: There is no n in font nullfont!
Missing character: There is no s in font nullfont!
Missing character: There is no v in font nullfont!
Missing character: There is no o in font nullfont!
Missing character: There is no r in font nullfont!
Missing character: There is no a in font nullfont!
Missing character: There is no l in font nullfont!
Missing character: There is no l in font nullfont!
Missing character: There is no e in font nullfont!
Missing character: There is no m in font nullfont!
Missing character: There is no d in font nullfont!
Missing character: There is no i in font nullfont!
Missing character: There is no e in font nullfont!
Missing character: There is no M in font nullfont!
Missing character: There is no a in font nullfont!
Missing character: There is no s in font nullfont!
Missing character: There is no k in font nullfont!
Missing character: There is no i in font nullfont!
Missing character: There is no e in font nullfont!
Missing character: There is no r in font nullfont!
Missing character: There is no u in font nullfont!
Missing character: There is no n in font nullfont!
Missing character: There is no g in font nullfont!
Missing character: There is no : in font nullfont!
Missing character: There is no D in font nullfont!
Missing character: There is no a in font nullfont!
Missing character: There is no w in font nullfont!
Missing character: There is no i in font nullfont!
Missing character: There is no r in font nullfont!
Missing character: There is no a in font nullfont!
Missing character: There is no u in font nullfont!
Missing character: There is no t in font nullfont!
Missing character: There is no o in font nullfont!
Missing character: There is no r in font nullfont!
Missing character: There is no e in font nullfont!
Missing character: There is no g in font nullfont!
Missing character: There is no r in font nullfont!
Missing character: There is no e in font nullfont!
Missing character: There is no s in font nullfont!
Missing character: There is no s in font nullfont!
Missing character: There is no i in font nullfont!
Missing character: There is no v in font nullfont!
Missing character: There is no g in font nullfont!
Missing character: There is no e in font nullfont!
Missing character: There is no n in font nullfont!
Missing character: There is no e in font nullfont!
Missing character: There is no r in font nullfont!
Missing character: There is no i in font nullfont!
Missing character: There is no e in font nullfont!
Missing character: There is no r in font nullfont!
Missing character: There is no e in font nullfont!
Missing character: There is no n in font nullfont!
Missing character: There is no , in font nullfont!
Missing character: There is no d in font nullfont!
Missing character: There is no a in font nullfont!
Missing character: There is no r in font nullfont!
Missing character: There is no f in font nullfont!
Missing character: There is no d in font nullfont!
Missing character: There is no a in font nullfont!
Missing character: There is no s in font nullfont!
Missing character: There is no M in font nullfont!
Missing character: There is no o in font nullfont!
Missing character: There is no d in font nullfont!
Missing character: There is no e in font nullfont!
Missing character: There is no l in font nullfont!
Missing character: There is no l in font nullfont!
Missing character: There is no a in font nullfont!
Missing character: There is no n in font nullfont!
Missing character: There is no P in font nullfont!
Missing character: There is no o in font nullfont!
Missing character: There is no s in font nullfont!
Missing character: There is no i in font nullfont!
Missing character: There is no t in font nullfont!
Missing character: There is no i in font nullfont!
Missing character: There is no o in font nullfont!
Missing character: There is no n in font nullfont!
Missing character: There is no n in font nullfont!
Missing character: There is no i in font nullfont!
Missing character: There is no c in font nullfont!
Missing character: There is no h in font nullfont!
Missing character: There is no t in font nullfont!
Missing character: There is no k in font nullfont!
Missing character: There is no e in font nullfont!
Missing character: There is no i in font nullfont!
Missing character: There is no n in font nullfont!
Missing character: There is no e in font nullfont!
Missing character: There is no I in font nullfont!
Missing character: There is no n in font nullfont!
Missing character: There is no f in font nullfont!
Missing character: There is no o in font nullfont!
Missing character: There is no r in font nullfont!
Missing character: There is no m in font nullfont!
Missing character: There is no a in font nullfont!
Missing character: There is no t in font nullfont!
Missing character: There is no i in font nullfont!
Missing character: There is no o in font nullfont!
Missing character: There is no n in font nullfont!
Missing character: There is no e in font nullfont!
Missing character: There is no n in font nullfont!
Missing character: There is no d in font nullfont!
Missing character: There is no e in font nullfont!
Missing character: There is no r in font nullfont!
Missing character: There is no n in font nullfont!
Missing character: There is no o in font nullfont!
Missing character: There is no c in font nullfont!
Missing character: There is no h in font nullfont!
Missing character: There is no z in font nullfont!
Missing character: There is no u in font nullfont!
Missing character: There is no g in font nullfont!
Missing character: There is no e in font nullfont!
Missing character: There is no n in font nullfont!
Missing character: There is no e in font nullfont!
Missing character: There is no r in font nullfont!
Missing character: There is no i in font nullfont!
Missing character: There is no e in font nullfont!
Missing character: There is no r in font nullfont!
Missing character: There is no e in font nullfont!
Missing character: There is no n in font nullfont!
Missing character: There is no d in font nullfont!
Missing character: There is no e in font nullfont!
Missing character: There is no n in font nullfont!
Missing character: There is no N in font nullfont!
Missing character: There is no o in font nullfont!
Missing character: There is no t in font nullfont!
Missing character: There is no e in font nullfont!
Missing character: There is no n in font nullfont!
Missing character: There is no a in font nullfont!
Missing character: There is no n in font nullfont!
c:/Users/kkwie/OneDrive/Dokumente/Latex/Maschine_Learning/Maschine_Learning/Ferdi/Ferdi.tex:62: Undefined control sequence.
l.62 ...ierenden Noten an $t+1, \dots, \ell_{\text
                                                  {SEQ}}$ erhalten.
The control sequence at the end of the top line
of your error message was never \def'ed. If you have
misspelled it (e.g., `\hobx'), type `I' and the correct
spelling (e.g., `I\hbox'). Otherwise just continue,
and I'll forget about whatever was undefined.

Missing character: There is no e in font nullfont!
Missing character: There is no r in font nullfont!
Missing character: There is no h in font nullfont!
Missing character: There is no a in font nullfont!
Missing character: There is no l in font nullfont!
Missing character: There is no t in font nullfont!
Missing character: There is no e in font nullfont!
Missing character: There is no n in font nullfont!
Missing character: There is no . in font nullfont!

Overfull \hbox (5.55557pt too wide) in paragraph at lines 59--63
\/cmr/m/n/10 ^^?u
 []


Overfull \hbox (5.55557pt too wide) in paragraph at lines 59--63
\/cmr/m/n/10 ^^?u
 []


Overfull \hbox (15.61945pt too wide) in paragraph at lines 59--63
\OML/cmm/m/it/10 N[]$
 []


Overfull \hbox (5.00002pt too wide) in paragraph at lines 59--63
\/cmr/m/n/10 ^^?o
 []


Overfull \hbox (5.00002pt too wide) in paragraph at lines 59--63
\/cmr/m/n/10 ^^?a
 []


Overfull \hbox (5.55557pt too wide) in paragraph at lines 59--63
\/cmr/m/n/10 ^^?u
 []


Overfull \hbox (3.61111pt too wide) in paragraph at lines 59--63
\OML/cmm/m/it/10 t$
 []


Overfull \hbox (11.38892pt too wide) in paragraph at lines 59--63
\OML/cmm/m/it/10 t \/cmr/m/n/10 +
 []


Overfull \hbox (49.73518pt too wide) in paragraph at lines 59--63
\/cmr/m/n/10 1\OML/cmm/m/it/10 ; [] ; `[]$ 
 []


c:/Users/kkwie/OneDrive/Dokumente/Latex/Maschine_Learning/Maschine_Learning/Ferdi/Ferdi.tex:63: LaTeX Error: Lonely \item--perhaps a missing list environment.

See the LaTeX manual or LaTeX Companion for explanation.
Type  H <return>  for immediate help.
 ...                                              
                                                  
l.63     \item N
                ach der Attention-Schicht folgt ein einfaches Feed-Forward-N...
Try typing  <return>  to proceed.
If that doesn't work, type  X <return>  to quit.

Missing character: There is no N in font nullfont!
Missing character: There is no a in font nullfont!
Missing character: There is no c in font nullfont!
Missing character: There is no h in font nullfont!
Missing character: There is no d in font nullfont!
Missing character: There is no e in font nullfont!
Missing character: There is no r in font nullfont!
Missing character: There is no A in font nullfont!
Missing character: There is no t in font nullfont!
Missing character: There is no t in font nullfont!
Missing character: There is no e in font nullfont!
Missing character: There is no n in font nullfont!
Missing character: There is no t in font nullfont!
Missing character: There is no i in font nullfont!
Missing character: There is no o in font nullfont!
Missing character: There is no n in font nullfont!
Missing character: There is no - in font nullfont!
Missing character: There is no S in font nullfont!
Missing character: There is no c in font nullfont!
Missing character: There is no h in font nullfont!
Missing character: There is no i in font nullfont!
Missing character: There is no c in font nullfont!
Missing character: There is no h in font nullfont!
Missing character: There is no t in font nullfont!
Missing character: There is no f in font nullfont!
Missing character: There is no o in font nullfont!
Missing character: There is no l in font nullfont!
Missing character: There is no g in font nullfont!
Missing character: There is no t in font nullfont!
Missing character: There is no e in font nullfont!
Missing character: There is no i in font nullfont!
Missing character: There is no n in font nullfont!
Missing character: There is no e in font nullfont!
Missing character: There is no i in font nullfont!
Missing character: There is no n in font nullfont!
Missing character: There is no f in font nullfont!
Missing character: There is no a in font nullfont!
Missing character: There is no c in font nullfont!
Missing character: There is no h in font nullfont!
Missing character: There is no e in font nullfont!
Missing character: There is no s in font nullfont!
Missing character: There is no F in font nullfont!
Missing character: There is no e in font nullfont!
Missing character: There is no e in font nullfont!
Missing character: There is no d in font nullfont!
Missing character: There is no - in font nullfont!
Missing character: There is no F in font nullfont!
Missing character: There is no o in font nullfont!
Missing character: There is no r in font nullfont!
Missing character: There is no w in font nullfont!
Missing character: There is no a in font nullfont!
Missing character: There is no r in font nullfont!
Missing character: There is no d in font nullfont!
Missing character: There is no - in font nullfont!
Missing character: There is no N in font nullfont!
Missing character: There is no e in font nullfont!
Missing character: There is no t in font nullfont!
Missing character: There is no z in font nullfont!
Missing character: There is no w in font nullfont!
Missing character: There is no e in font nullfont!
Missing character: There is no r in font nullfont!
Missing character: There is no k in font nullfont!
Missing character: There is no , in font nullfont!
Missing character: There is no i in font nullfont!
Missing character: There is no n in font nullfont!
Missing character: There is no u in font nullfont!
Missing character: There is no n in font nullfont!
Missing character: There is no s in font nullfont!
Missing character: There is no e in font nullfont!
Missing character: There is no r in font nullfont!
Missing character: There is no e in font nullfont!
Missing character: There is no m in font nullfont!
Missing character: There is no F in font nullfont!
Missing character: There is no a in font nullfont!
Missing character: There is no l in font nullfont!
Missing character: There is no l in font nullfont!
Missing character: There is no b in font nullfont!
Missing character: There is no e in font nullfont!
Missing character: There is no s in font nullfont!
Missing character: There is no t in font nullfont!
Missing character: There is no e in font nullfont!
Missing character: There is no h in font nullfont!
Missing character: There is no e in font nullfont!
Missing character: There is no n in font nullfont!
Missing character: There is no d in font nullfont!
Missing character: There is no a in font nullfont!
Missing character: There is no u in font nullfont!
Missing character: There is no s in font nullfont!
Missing character: There is no z in font nullfont!
Missing character: There is no w in font nullfont!
Missing character: There is no e in font nullfont!
Missing character: There is no i in font nullfont!
Missing character: There is no S in font nullfont!
Missing character: There is no c in font nullfont!
Missing character: There is no h in font nullfont!
Missing character: There is no i in font nullfont!
Missing character: There is no c in font nullfont!
Missing character: There is no h in font nullfont!
Missing character: There is no t in font nullfont!
Missing character: There is no e in font nullfont!
Missing character: There is no n in font nullfont!
Missing character: There is no . in font nullfont!
Missing character: There is no D in font nullfont!
Missing character: There is no i in font nullfont!
Missing character: There is no e in font nullfont!
Missing character: There is no D in font nullfont!
Missing character: There is no i in font nullfont!
Missing character: There is no m in font nullfont!
Missing character: There is no e in font nullfont!
Missing character: There is no n in font nullfont!
Missing character: There is no s in font nullfont!
Missing character: There is no i in font nullfont!
Missing character: There is no o in font nullfont!
Missing character: There is no n in font nullfont!
Missing character: There is no i in font nullfont!
Missing character: There is no n in font nullfont!
Missing character: There is no n in font nullfont!
Missing character: There is no e in font nullfont!
Missing character: There is no r in font nullfont!
Missing character: There is no h in font nullfont!
Missing character: There is no a in font nullfont!
Missing character: There is no l in font nullfont!
Missing character: There is no b in font nullfont!
Missing character: There is no d in font nullfont!
Missing character: There is no i in font nullfont!
Missing character: There is no e in font nullfont!
Missing character: There is no s in font nullfont!
Missing character: There is no e in font nullfont!
Missing character: There is no s in font nullfont!
Missing character: There is no N in font nullfont!
Missing character: There is no e in font nullfont!
Missing character: There is no t in font nullfont!
Missing character: There is no z in font nullfont!
Missing character: There is no w in font nullfont!
Missing character: There is no e in font nullfont!
Missing character: There is no r in font nullfont!
Missing character: There is no k in font nullfont!
Missing character: There is no e in font nullfont!
Missing character: There is no s in font nullfont!
Missing character: There is no i in font nullfont!
Missing character: There is no s in font nullfont!
Missing character: There is no t in font nullfont!
Missing character: There is no e in font nullfont!
Missing character: There is no i in font nullfont!
Missing character: There is no n in font nullfont!
Missing character: There is no w in font nullfont!
Missing character: There is no e in font nullfont!
Missing character: There is no i in font nullfont!
Missing character: There is no t in font nullfont!
Missing character: There is no e in font nullfont!
Missing character: There is no r in font nullfont!
Missing character: There is no e in font nullfont!
Missing character: There is no r in font nullfont!
Missing character: There is no H in font nullfont!
Missing character: There is no y in font nullfont!
Missing character: There is no p in font nullfont!
Missing character: There is no e in font nullfont!
Missing character: There is no r in font nullfont!
Missing character: There is no p in font nullfont!
Missing character: There is no a in font nullfont!
Missing character: There is no r in font nullfont!
Missing character: There is no a in font nullfont!
Missing character: There is no m in font nullfont!
Missing character: There is no e in font nullfont!
Missing character: There is no t in font nullfont!
Missing character: There is no e in font nullfont!
Missing character: There is no r in font nullfont!
c:/Users/kkwie/OneDrive/Dokumente/Latex/Maschine_Learning/Maschine_Learning/Ferdi/Ferdi.tex:64: Undefined control sequence.
l.64 ... ist ein weiterer Hyperparameter $d_{\text
                                                  {ffw}}$.
The control sequence at the end of the top line
of your error message was never \def'ed. If you have
misspelled it (e.g., `\hobx'), type `I' and the correct
spelling (e.g., `I\hbox'). Otherwise just continue,
and I'll forget about whatever was undefined.

Missing character: There is no . in font nullfont!

Overfull \hbox (21.04643pt too wide) in paragraph at lines 63--65
\OML/cmm/m/it/10 d[]$ 
 []


c:/Users/kkwie/OneDrive/Dokumente/Latex/Maschine_Learning/Maschine_Learning/Ferdi/Ferdi.tex:65: LaTeX Error: Lonely \item--perhaps a missing list environment.

See the LaTeX manual or LaTeX Companion for explanation.
Type  H <return>  for immediate help.
 ...                                              
                                                  
l.65     \item S
                chließlich bildet die letzte Schicht auf einen Vektor der D...
Try typing  <return>  to proceed.
If that doesn't work, type  X <return>  to quit.

Missing character: There is no S in font nullfont!
Missing character: There is no c in font nullfont!
Missing character: There is no h in font nullfont!
Missing character: There is no l in font nullfont!
Missing character: There is no i in font nullfont!
Missing character: There is no e in font nullfont!
Missing character: There is no l in font nullfont!
Missing character: There is no i in font nullfont!
Missing character: There is no c in font nullfont!
Missing character: There is no h in font nullfont!
Missing character: There is no b in font nullfont!
Missing character: There is no i in font nullfont!
Missing character: There is no l in font nullfont!
Missing character: There is no d in font nullfont!
Missing character: There is no e in font nullfont!
Missing character: There is no t in font nullfont!
Missing character: There is no d in font nullfont!
Missing character: There is no i in font nullfont!
Missing character: There is no e in font nullfont!
Missing character: There is no l in font nullfont!
Missing character: There is no e in font nullfont!
Missing character: There is no t in font nullfont!
Missing character: There is no z in font nullfont!
Missing character: There is no t in font nullfont!
Missing character: There is no e in font nullfont!
Missing character: There is no S in font nullfont!
Missing character: There is no c in font nullfont!
Missing character: There is no h in font nullfont!
Missing character: There is no i in font nullfont!
Missing character: There is no c in font nullfont!
Missing character: There is no h in font nullfont!
Missing character: There is no t in font nullfont!
Missing character: There is no a in font nullfont!
Missing character: There is no u in font nullfont!
Missing character: There is no f in font nullfont!
Missing character: There is no e in font nullfont!
Missing character: There is no i in font nullfont!
Missing character: There is no n in font nullfont!
Missing character: There is no e in font nullfont!
Missing character: There is no n in font nullfont!
Missing character: There is no V in font nullfont!
Missing character: There is no e in font nullfont!
Missing character: There is no k in font nullfont!
Missing character: There is no t in font nullfont!
Missing character: There is no o in font nullfont!
Missing character: There is no r in font nullfont!
Missing character: There is no d in font nullfont!
Missing character: There is no e in font nullfont!
Missing character: There is no r in font nullfont!
Missing character: There is no D in font nullfont!
Missing character: There is no i in font nullfont!
Missing character: There is no m in font nullfont!
Missing character: There is no e in font nullfont!
Missing character: There is no n in font nullfont!
Missing character: There is no s in font nullfont!
Missing character: There is no i in font nullfont!
Missing character: There is no o in font nullfont!
Missing character: There is no n in font nullfont!
Missing character: There is no a in font nullfont!
Missing character: There is no b in font nullfont!
Missing character: There is no , in font nullfont!
Missing character: There is no w in font nullfont!
Missing character: There is no i in font nullfont!
Missing character: There is no r in font nullfont!
Missing character: There is no n in font nullfont!
Missing character: There is no u in font nullfont!
Missing character: There is no t in font nullfont!
Missing character: There is no z in font nullfont!
Missing character: There is no e in font nullfont!
Missing character: There is no n in font nullfont!
Missing character: There is no k in font nullfont!
Missing character: There is no e in font nullfont!
Missing character: There is no i in font nullfont!
Missing character: There is no n in font nullfont!
Missing character: There is no e in font nullfont!
Missing character: There is no A in font nullfont!
Missing character: There is no k in font nullfont!
Missing character: There is no t in font nullfont!
Missing character: There is no i in font nullfont!
Missing character: There is no v in font nullfont!
Missing character: There is no i in font nullfont!
Missing character: There is no e in font nullfont!
Missing character: There is no r in font nullfont!
Missing character: There is no u in font nullfont!
Missing character: There is no n in font nullfont!
Missing character: There is no g in font nullfont!
Missing character: There is no s in font nullfont!
Missing character: There is no f in font nullfont!
Missing character: There is no u in font nullfont!
Missing character: There is no n in font nullfont!
Missing character: There is no k in font nullfont!
Missing character: There is no t in font nullfont!
Missing character: There is no i in font nullfont!
Missing character: There is no o in font nullfont!
Missing character: There is no n in font nullfont!
Missing character: There is no , in font nullfont!
Missing character: There is no e in font nullfont!
Missing character: There is no r in font nullfont!
Missing character: There is no h in font nullfont!
Missing character: There is no a in font nullfont!
Missing character: There is no l in font nullfont!
Missing character: There is no t in font nullfont!
Missing character: There is no e in font nullfont!
Missing character: There is no n in font nullfont!
Missing character: There is no d in font nullfont!
Missing character: There is no i in font nullfont!
Missing character: There is no e in font nullfont!
Missing character: There is no s in font nullfont!
Missing character: There is no o in font nullfont!
Missing character: There is no g in font nullfont!
Missing character: There is no . in font nullfont!
Missing character: There is no L in font nullfont!
Missing character: There is no o in font nullfont!
Missing character: There is no g in font nullfont!
Missing character: There is no i in font nullfont!
Missing character: There is no t in font nullfont!
Missing character: There is no s in font nullfont!
Missing character: There is no a in font nullfont!
Missing character: There is no l in font nullfont!
Missing character: There is no s in font nullfont!
Missing character: There is no O in font nullfont!
Missing character: There is no u in font nullfont!
Missing character: There is no t in font nullfont!
Missing character: There is no p in font nullfont!
Missing character: There is no u in font nullfont!
Missing character: There is no t in font nullfont!
Missing character: There is no . in font nullfont!
Missing character: There is no W in font nullfont!
Missing character: There is no e in font nullfont!
Missing character: There is no n in font nullfont!
Missing character: There is no d in font nullfont!
Missing character: There is no e in font nullfont!
Missing character: There is no t in font nullfont!
Missing character: There is no m in font nullfont!
Missing character: There is no a in font nullfont!
Missing character: There is no n in font nullfont!
Missing character: There is no a in font nullfont!
Missing character: There is no u in font nullfont!
Missing character: There is no f in font nullfont!
Missing character: There is no d in font nullfont!
Missing character: There is no i in font nullfont!
Missing character: There is no e in font nullfont!
Missing character: There is no s in font nullfont!
Missing character: There is no e in font nullfont!
Missing character: There is no d in font nullfont!
Missing character: There is no i in font nullfont!
Missing character: There is no e in font nullfont!
Missing character: There is no S in font nullfont!
Missing character: There is no o in font nullfont!
Missing character: There is no f in font nullfont!
Missing character: There is no t in font nullfont!
Missing character: There is no m in font nullfont!
Missing character: There is no a in font nullfont!
Missing character: There is no x in font nullfont!
Missing character: There is no - in font nullfont!
Missing character: There is no F in font nullfont!
Missing character: There is no u in font nullfont!
Missing character: There is no n in font nullfont!
Missing character: There is no k in font nullfont!
Missing character: There is no t in font nullfont!
Missing character: There is no i in font nullfont!
Missing character: There is no o in font nullfont!
Missing character: There is no n in font nullfont!
Missing character: There is no a in font nullfont!
Missing character: There is no n in font nullfont!
Missing character: There is no , in font nullfont!
Missing character: There is no e in font nullfont!
Missing character: There is no r in font nullfont!
Missing character: There is no h in font nullfont!
Missing character: There is no l in font nullfont!
Missing character: There is no t in font nullfont!
Missing character: There is no m in font nullfont!
Missing character: There is no a in font nullfont!
Missing character: There is no n in font nullfont!
Missing character: There is no d in font nullfont!
Missing character: There is no i in font nullfont!
Missing character: There is no e in font nullfont!
Missing character: There is no W in font nullfont!
Missing character: There is no a in font nullfont!
Missing character: There is no h in font nullfont!
Missing character: There is no r in font nullfont!
Missing character: There is no s in font nullfont!
Missing character: There is no c in font nullfont!
Missing character: There is no h in font nullfont!
Missing character: There is no e in font nullfont!
Missing character: There is no i in font nullfont!
Missing character: There is no n in font nullfont!
Missing character: There is no l in font nullfont!
Missing character: There is no i in font nullfont!
Missing character: There is no c in font nullfont!
Missing character: There is no h in font nullfont!
Missing character: There is no k in font nullfont!
Missing character: There is no e in font nullfont!
Missing character: There is no i in font nullfont!
Missing character: There is no t in font nullfont!
Missing character: There is no s in font nullfont!
Missing character: There is no v in font nullfont!
Missing character: There is no e in font nullfont!
Missing character: There is no r in font nullfont!
Missing character: There is no t in font nullfont!
Missing character: There is no e in font nullfont!
Missing character: There is no i in font nullfont!
Missing character: There is no l in font nullfont!
Missing character: There is no u in font nullfont!
Missing character: There is no n in font nullfont!
Missing character: There is no g in font nullfont!
Missing character: There is no f in font nullfont!
Missing character: There is no r in font nullfont!
Missing character: There is no d in font nullfont!
Missing character: There is no a in font nullfont!
Missing character: There is no s in font nullfont!
Missing character: There is no N in font nullfont!
Missing character: There is no o in font nullfont!
Missing character: There is no t in font nullfont!
Missing character: There is no e in font nullfont!
Missing character: There is no n in font nullfont!
Missing character: There is no - in font nullfont!
Missing character: There is no S in font nullfont!
Missing character: There is no a in font nullfont!
Missing character: There is no m in font nullfont!
Missing character: There is no p in font nullfont!
Missing character: There is no l in font nullfont!
Missing character: There is no i in font nullfont!
Missing character: There is no n in font nullfont!
Missing character: There is no g in font nullfont!
Missing character: There is no . in font nullfont!

Overfull \hbox (5.00002pt too wide) in paragraph at lines 65--68
\/cmr/m/n/10 ^^Y
 []


Overfull \hbox (8.05556pt too wide) in paragraph at lines 65--68
\OML/cmm/m/it/10 V$
 []


Overfull \hbox (5.00002pt too wide) in paragraph at lines 65--68
\/cmr/m/n/10 ^^?a
 []


Overfull \hbox (5.55557pt too wide) in paragraph at lines 65--68
\/cmr/m/n/10 ^^?u
 []


c:/Users/kkwie/OneDrive/Dokumente/Latex/Maschine_Learning/Maschine_Learning/Ferdi/Ferdi.tex:68: LaTeX Error: \begin{document} ended by \end{itemize}.

See the LaTeX manual or LaTeX Companion for explanation.
Type  H <return>  for immediate help.
 ...                                              
                                                  
l.68  \end{itemize}
                   
Your command was ignored.
Type  I <command> <return>  to replace it with another command,
or  <return>  to continue without it.

c:/Users/kkwie/OneDrive/Dokumente/Latex/Maschine_Learning/Maschine_Learning/Ferdi/Ferdi.tex:68: Missing } inserted.
<inserted text> 
                }
l.68  \end{itemize}
                   
I've inserted something that you may have forgotten.
(See the <inserted text> above.)
With luck, this will get me unwedged. But if you
really didn't forget anything, try typing `2' now; then
my insertion and my current dilemma will both disappear.

c:/Users/kkwie/OneDrive/Dokumente/Latex/Maschine_Learning/Maschine_Learning/Ferdi/Ferdi.tex:68: Missing } inserted.
<inserted text> 
                }
l.68  \end{itemize}
                   
I've inserted something that you may have forgotten.
(See the <inserted text> above.)
With luck, this will get me unwedged. But if you
really didn't forget anything, try typing `2' now; then
my insertion and my current dilemma will both disappear.

c:/Users/kkwie/OneDrive/Dokumente/Latex/Maschine_Learning/Maschine_Learning/Ferdi/Ferdi.tex:68: Extra \endgroup.
<recently read> \endgroup 
                          
l.68  \end{itemize}
                   
Things are pretty mixed up, but I think the worst is over.

c:/Users/kkwie/OneDrive/Dokumente/Latex/Maschine_Learning/Maschine_Learning/Ferdi/Ferdi.tex:70: Undefined control sequence.
l.70 \subsection
                {Ein erster Versuch}
The control sequence at the end of the top line
of your error message was never \def'ed. If you have
misspelled it (e.g., `\hobx'), type `I' and the correct
spelling (e.g., `I\hbox'). Otherwise just continue,
and I'll forget about whatever was undefined.

Missing character: There is no E in font nullfont!
Missing character: There is no i in font nullfont!
Missing character: There is no n in font nullfont!
Missing character: There is no e in font nullfont!
Missing character: There is no r in font nullfont!
Missing character: There is no s in font nullfont!
Missing character: There is no t in font nullfont!
Missing character: There is no e in font nullfont!
Missing character: There is no r in font nullfont!
Missing character: There is no V in font nullfont!
Missing character: There is no e in font nullfont!
Missing character: There is no r in font nullfont!
Missing character: There is no s in font nullfont!
Missing character: There is no u in font nullfont!
Missing character: There is no c in font nullfont!
Missing character: There is no h in font nullfont!

c:/Users/kkwie/OneDrive/Dokumente/Latex/Maschine_Learning/Maschine_Learning/Ferdi/Ferdi.tex:71: LaTeX Error: Environment figure undefined.

See the LaTeX manual or LaTeX Companion for explanation.
Type  H <return>  for immediate help.
 ...                                              
                                                  
l.71 \begin{figure}
                   [h]
Your command was ignored.
Type  I <command> <return>  to replace it with another command,
or  <return>  to continue without it.

Missing character: There is no [ in font nullfont!
Missing character: There is no h in font nullfont!
Missing character: There is no ] in font nullfont!
c:/Users/kkwie/OneDrive/Dokumente/Latex/Maschine_Learning/Maschine_Learning/Ferdi/Ferdi.tex:73: Undefined control sequence.
l.73     \includegraphics
                         [width=1\textwidth]{model1_summary_ferdi.png}
The control sequence at the end of the top line
of your error message was never \def'ed. If you have
misspelled it (e.g., `\hobx'), type `I' and the correct
spelling (e.g., `I\hbox'). Otherwise just continue,
and I'll forget about whatever was undefined.

Missing character: There is no [ in font nullfont!
Missing character: There is no w in font nullfont!
Missing character: There is no i in font nullfont!
Missing character: There is no d in font nullfont!
Missing character: There is no t in font nullfont!
Missing character: There is no h in font nullfont!
Missing character: There is no = in font nullfont!
Missing character: There is no 1 in font nullfont!
c:/Users/kkwie/OneDrive/Dokumente/Latex/Maschine_Learning/Maschine_Learning/Ferdi/Ferdi.tex:73: Missing number, treated as zero.
<to be read again> 
                   ]
l.73     \includegraphics[width=1\textwidth]
                                            {model1_summary_ferdi.png}
A number should have been here; I inserted `0'.
(If you can't figure out why I needed to see a number,
look up `weird error' in the index to The TeXbook.)

c:/Users/kkwie/OneDrive/Dokumente/Latex/Maschine_Learning/Maschine_Learning/Ferdi/Ferdi.tex:73: Illegal unit of measure (pt inserted).
<to be read again> 
                   ]
l.73     \includegraphics[width=1\textwidth]
                                            {model1_summary_ferdi.png}
Dimensions can be in units of em, ex, in, pt, pc,
cm, mm, dd, cc, nd, nc, bp, or sp; but yours is a new one!
I'll assume that you meant to say pt, for printer's points.
To recover gracefully from this error, it's best to
delete the erroneous units; e.g., type `2' to delete
two letters. (See Chapter 27 of The TeXbook.)

Missing character: There is no ] in font nullfont!
Missing character: There is no m in font nullfont!
Missing character: There is no o in font nullfont!
Missing character: There is no d in font nullfont!
Missing character: There is no e in font nullfont!
Missing character: There is no l in font nullfont!
Missing character: There is no 1 in font nullfont!
c:/Users/kkwie/OneDrive/Dokumente/Latex/Maschine_Learning/Maschine_Learning/Ferdi/Ferdi.tex:73: Missing $ inserted.
<inserted text> 
                $
l.73 ...includegraphics[width=1\textwidth]{model1_
                                                  summary_ferdi.png}
I've inserted a begin-math/end-math symbol since I think
you left one out. Proceed, with fingers crossed.

c:/Users/kkwie/OneDrive/Dokumente/Latex/Maschine_Learning/Maschine_Learning/Ferdi/Ferdi.tex:73: Extra }, or forgotten $.
l.73 ...dth=1\textwidth]{model1_summary_ferdi.png}
                                                  
I've deleted a group-closing symbol because it seems to be
spurious, as in `$x}$'. But perhaps the } is legitimate and
you forgot something else, as in `\hbox{$x}'. In such cases
the way to recover is to insert both the forgotten and the
deleted material, e.g., by typing `I$}'.


c:/Users/kkwie/OneDrive/Dokumente/Latex/Maschine_Learning/Maschine_Learning/Ferdi/Ferdi.tex:74: LaTeX Error: \caption outside float.

See the LaTeX manual or LaTeX Companion for explanation.
Type  H <return>  for immediate help.
 ...                                              
                                                  
l.74     \caption
                 {Modell-Zusammenfassung mit $d_{\text{embed}} = 64$, $N_H =...
You're in trouble here.  Try typing  <return>  to proceed.
If that doesn't work, type  X <return>  to quit.

c:/Users/kkwie/OneDrive/Dokumente/Latex/Maschine_Learning/Maschine_Learning/Ferdi/Ferdi.tex:74: Missing } inserted.
<inserted text> 
                }
l.74     \caption{Modell-Zusammenfassung mit $
                                              d_{\text{embed}} = 64$, $N_H =...
I've inserted something that you may have forgotten.
(See the <inserted text> above.)
With luck, this will get me unwedged. But if you
really didn't forget anything, try typing `2' now; then
my insertion and my current dilemma will both disappear.

Missing character: There is no d in font nullfont!
c:/Users/kkwie/OneDrive/Dokumente/Latex/Maschine_Learning/Maschine_Learning/Ferdi/Ferdi.tex:74: Missing $ inserted.
<inserted text> 
                $
l.74     \caption{Modell-Zusammenfassung mit $d_
                                                {\text{embed}} = 64$, $N_H =...
I've inserted a begin-math/end-math symbol since I think
you left one out. Proceed, with fingers crossed.

c:/Users/kkwie/OneDrive/Dokumente/Latex/Maschine_Learning/Maschine_Learning/Ferdi/Ferdi.tex:74: Undefined control sequence.
l.74 ...ption{Modell-Zusammenfassung mit $d_{\text
                                                  {embed}} = 64$, $N_H = 4$ ...
The control sequence at the end of the top line
of your error message was never \def'ed. If you have
misspelled it (e.g., `\hobx'), type `I' and the correct
spelling (e.g., `I\hbox'). Otherwise just continue,
and I'll forget about whatever was undefined.

Missing character: There is no , in font nullfont!
Missing character: There is no u in font nullfont!
Missing character: There is no n in font nullfont!
Missing character: There is no d in font nullfont!
c:/Users/kkwie/OneDrive/Dokumente/Latex/Maschine_Learning/Maschine_Learning/Ferdi/Ferdi.tex:74: Undefined control sequence.
l.74 ...ext{embed}} = 64$, $N_H = 4$ und $d_{\text
                                                  {ffw}} = 128$}
The control sequence at the end of the top line
of your error message was never \def'ed. If you have
misspelled it (e.g., `\hobx'), type `I' and the correct
spelling (e.g., `I\hbox'). Otherwise just continue,
and I'll forget about whatever was undefined.


c:/Users/kkwie/OneDrive/Dokumente/Latex/Maschine_Learning/Maschine_Learning/Ferdi/Ferdi.tex:76: LaTeX Error: \begin{document} ended by \end{figure}.

See the LaTeX manual or LaTeX Companion for explanation.
Type  H <return>  for immediate help.
 ...                                              
                                                  
l.76 \end{figure}
                 
Your command was ignored.
Type  I <command> <return>  to replace it with another command,
or  <return>  to continue without it.


Overfull \hbox (20.0pt too wide) in paragraph at lines 70--77
[]
 []


Overfull \hbox (267.04294pt too wide) in paragraph at lines 70--77
[]\OML/cmm/m/it/10 ummary[]erdi:png[]$$[] \/cmr/m/n/10 =
 []


Overfull \hbox (10.00003pt too wide) in paragraph at lines 70--77
\/cmr/m/n/10 64$
 []


Overfull \hbox (26.17496pt too wide) in paragraph at lines 70--77
\OML/cmm/m/it/10 N[] \/cmr/m/n/10 =
 []


Overfull \hbox (5.00002pt too wide) in paragraph at lines 70--77
\/cmr/m/n/10 4$
 []


Overfull \hbox (31.60194pt too wide) in paragraph at lines 70--77
\OML/cmm/m/it/10 d[] \/cmr/m/n/10 =
 []


Overfull \hbox (15.00005pt too wide) in paragraph at lines 70--77
\/cmr/m/n/10 128$
 []

Missing character: There is no N in font nullfont!
Missing character: There is no u in font nullfont!
Missing character: There is no n in font nullfont!
Missing character: There is no s in font nullfont!
Missing character: There is no t in font nullfont!
Missing character: There is no e in font nullfont!
Missing character: There is no h in font nullfont!
Missing character: There is no e in font nullfont!
Missing character: There is no n in font nullfont!
Missing character: There is no w in font nullfont!
Missing character: There is no i in font nullfont!
Missing character: There is no r in font nullfont!
Missing character: There is no n in font nullfont!
Missing character: There is no i in font nullfont!
Missing character: There is no c in font nullfont!
Missing character: There is no h in font nullfont!
Missing character: There is no t in font nullfont!
Missing character: There is no m in font nullfont!
Missing character: There is no e in font nullfont!
Missing character: There is no h in font nullfont!
Missing character: There is no r in font nullfont!
Missing character: There is no g in font nullfont!
Missing character: There is no a in font nullfont!
Missing character: There is no n in font nullfont!
Missing character: There is no z in font nullfont!
Missing character: There is no a in font nullfont!
Missing character: There is no m in font nullfont!
Missing character: There is no A in font nullfont!
Missing character: There is no n in font nullfont!
Missing character: There is no f in font nullfont!
Missing character: There is no a in font nullfont!
Missing character: There is no n in font nullfont!
Missing character: There is no g in font nullfont!
Missing character: There is no , in font nullfont!
Missing character: There is no w in font nullfont!
Missing character: There is no i in font nullfont!
Missing character: There is no r in font nullfont!
Missing character: There is no o in font nullfont!
Missing character: There is no r in font nullfont!
Missing character: There is no i in font nullfont!
Missing character: There is no e in font nullfont!
Missing character: There is no n in font nullfont!
Missing character: There is no t in font nullfont!
Missing character: There is no i in font nullfont!
Missing character: There is no e in font nullfont!
Missing character: There is no r in font nullfont!
Missing character: There is no e in font nullfont!
Missing character: There is no n in font nullfont!
Missing character: There is no u in font nullfont!
Missing character: There is no n in font nullfont!
Missing character: There is no s in font nullfont!
Missing character: There is no a in font nullfont!
Missing character: There is no n in font nullfont!
Missing character: There is no d in font nullfont!
Missing character: There is no e in font nullfont!
Missing character: There is no r in font nullfont!
Missing character: There is no I in font nullfont!
Missing character: There is no d in font nullfont!
Missing character: There is no e in font nullfont!
Missing character: There is no e in font nullfont!
Missing character: There is no , in font nullfont!
Missing character: There is no d in font nullfont!
Missing character: There is no i in font nullfont!
Missing character: There is no e in font nullfont!
Missing character: There is no i in font nullfont!
Missing character: There is no m in font nullfont!
Missing character: There is no F in font nullfont!
Missing character: There is no a in font nullfont!
Missing character: There is no l in font nullfont!
Missing character: There is no l in font nullfont!
Missing character: There is no e in font nullfont!
Missing character: There is no v in font nullfont!
Missing character: There is no o in font nullfont!
Missing character: There is no n in font nullfont!
Missing character: There is no R in font nullfont!
Missing character: There is no N in font nullfont!
Missing character: There is no N in font nullfont!
Missing character: There is no s in font nullfont!
Missing character: There is no e in font nullfont!
Missing character: There is no r in font nullfont!
Missing character: There is no f in font nullfont!
Missing character: There is no o in font nullfont!
Missing character: There is no l in font nullfont!
Missing character: There is no g in font nullfont!
Missing character: There is no r in font nullfont!
Missing character: There is no e in font nullfont!
Missing character: There is no i in font nullfont!
Missing character: There is no c in font nullfont!
Missing character: There is no h in font nullfont!
Missing character: There is no w in font nullfont!
Missing character: There is no a in font nullfont!
Missing character: There is no r in font nullfont!
Missing character: There is no ; in font nullfont!
Missing character: There is no u in font nullfont!
Missing character: There is no n in font nullfont!
Missing character: There is no s in font nullfont!
Missing character: There is no e in font nullfont!
Missing character: There is no r in font nullfont!
Missing character: There is no M in font nullfont!
Missing character: There is no o in font nullfont!
Missing character: There is no d in font nullfont!
Missing character: There is no e in font nullfont!
Missing character: There is no l in font nullfont!
Missing character: There is no l in font nullfont!
Missing character: There is no s in font nullfont!
Missing character: There is no o in font nullfont!
Missing character: There is no l in font nullfont!
Missing character: There is no l in font nullfont!
Missing character: There is no a in font nullfont!
Missing character: There is no l in font nullfont!
Missing character: There is no s in font nullfont!
Missing character: There is no o in font nullfont!
c:/Users/kkwie/OneDrive/Dokumente/Latex/Maschine_Learning/Maschine_Learning/Ferdi/Ferdi.tex:79: Undefined control sequence.
l.79 ...rfolgreich war; unser Modell soll also \bf
                                                  {eine} \normalfont Note au...
The control sequence at the end of the top line
of your error message was never \def'ed. If you have
misspelled it (e.g., `\hobx'), type `I' and the correct
spelling (e.g., `I\hbox'). Otherwise just continue,
and I'll forget about whatever was undefined.

Missing character: There is no e in font nullfont!
Missing character: There is no i in font nullfont!
Missing character: There is no n in font nullfont!
Missing character: There is no e in font nullfont!
c:/Users/kkwie/OneDrive/Dokumente/Latex/Maschine_Learning/Maschine_Learning/Ferdi/Ferdi.tex:79: Undefined control sequence.
l.79 ...e} \normalfont Note aus $[0, 127]_{\mathbb
                                                  {Z}}$ vorhersagen. \\
The control sequence at the end of the top line
of your error message was never \def'ed. If you have
misspelled it (e.g., `\hobx'), type `I' and the correct
spelling (e.g., `I\hbox'). Otherwise just continue,
and I'll forget about whatever was undefined.

c:/Users/kkwie/OneDrive/Dokumente/Latex/Maschine_Learning/Maschine_Learning/Ferdi/Ferdi.tex:80: Undefined control sequence.
l.80 Gem. \autoref
                  {chap:ferdi:architecture_tf} haben wir $3$ Hyperparameter ...
The control sequence at the end of the top line
of your error message was never \def'ed. If you have
misspelled it (e.g., `\hobx'), type `I' and the correct
spelling (e.g., `I\hbox'). Otherwise just continue,
and I'll forget about whatever was undefined.

c:/Users/kkwie/OneDrive/Dokumente/Latex/Maschine_Learning/Maschine_Learning/Ferdi/Ferdi.tex:80: Missing $ inserted.
<inserted text> 
                $
l.80 Gem. \autoref{chap:ferdi:architecture_
                                           tf} haben wir $3$ Hyperparameter ...
I've inserted a begin-math/end-math symbol since I think
you left one out. Proceed, with fingers crossed.

c:/Users/kkwie/OneDrive/Dokumente/Latex/Maschine_Learning/Maschine_Learning/Ferdi/Ferdi.tex:80: Extra }, or forgotten $.
l.80 Gem. \autoref{chap:ferdi:architecture_tf}
                                               haben wir $3$ Hyperparameter ...
I've deleted a group-closing symbol because it seems to be
spurious, as in `$x}$'. But perhaps the } is legitimate and
you forgot something else, as in `\hbox{$x}'. In such cases
the way to recover is to insert both the forgotten and the
deleted material, e.g., by typing `I$}'.


LaTeX Warning: Command \" invalid in math mode on input line 80.

c:/Users/kkwie/OneDrive/Dokumente/Latex/Maschine_Learning/Maschine_Learning/Ferdi/Ferdi.tex:80: Please use \mathaccent for accents in math mode.
\add@accent ... \let \ignorespaces \relax \accent 
                                                  #1 #2\egroup \ifmmode \els...
l.80 ...r $3$ Hyperparameter zu bestimmen, wir wä
                                                  hlen
I'm changing \accent to \mathaccent here; wish me luck.
(Accents are not the same in formulas as they are in text.)

c:/Users/kkwie/OneDrive/Dokumente/Latex/Maschine_Learning/Maschine_Learning/Ferdi/Ferdi.tex:81: Undefined control sequence.
l.81 diese analog zum RNN, siehe \autoref
                                         {fig:ferdi:model1_tf}:
The control sequence at the end of the top line
of your error message was never \def'ed. If you have
misspelled it (e.g., `\hobx'), type `I' and the correct
spelling (e.g., `I\hbox'). Otherwise just continue,
and I'll forget about whatever was undefined.

c:/Users/kkwie/OneDrive/Dokumente/Latex/Maschine_Learning/Maschine_Learning/Ferdi/Ferdi.tex:82: Missing $ inserted.
<inserted text> 
                $
l.82 \begin{itemize}
                    
I've inserted a begin-math/end-math symbol since I think
you left one out. Proceed, with fingers crossed.

c:/Users/kkwie/OneDrive/Dokumente/Latex/Maschine_Learning/Maschine_Learning/Ferdi/Ferdi.tex:82: Missing \endgroup inserted.
<inserted text> 
                \endgroup 
l.82 \begin{itemize}
                    
I've inserted something that you may have forgotten.
(See the <inserted text> above.)
With luck, this will get me unwedged. But if you
really didn't forget anything, try typing `2' now; then
my insertion and my current dilemma will both disappear.


Overfull \hbox (20.0pt too wide) in paragraph at lines 78--82
[]
 []


Overfull \hbox (20.83337pt too wide) in paragraph at lines 78--82
\/cmr/m/n/10 Note
 []


Overfull \hbox (14.50003pt too wide) in paragraph at lines 78--82
\/cmr/m/n/10 aus
 []


Overfull \hbox (36.43893pt too wide) in paragraph at lines 78--82
\/cmr/m/n/10 [0\OML/cmm/m/it/10 ; \/cmr/m/n/10 127][]$
 []


Overfull \hbox (31.16672pt too wide) in paragraph at lines 78--82
\/cmr/m/n/10 vorher-
 []


Overfull \hbox (26.72227pt too wide) in paragraph at lines 78--82
\/cmr/m/n/10 sagen. 
 []


Overfull \hbox (23.40282pt too wide) in paragraph at lines 78--82
\/cmr/m/n/10 Gem.
 []


Overfull \hbox (568.62257pt too wide) in paragraph at lines 78--82
\/cmr/m/n/10 chap:ferdi:architecture$[]\OML/cmm/m/it/10 fhabenwir$\/cmr/m/n/10 3$\OML/cmm/m/it/10 Hyperparameterzubestimmen; wirw[]hlendieseanalogzumRNN; siehe[] \/cmr/m/n/10 :$ 
 []


c:/Users/kkwie/OneDrive/Dokumente/Latex/Maschine_Learning/Maschine_Learning/Ferdi/Ferdi.tex:83: LaTeX Error: Lonely \item--perhaps a missing list environment.

See the LaTeX manual or LaTeX Companion for explanation.
Type  H <return>  for immediate help.
 ...                                              
                                                  
l.83     \item $
                d_{\text{embed}} = 64$
Try typing  <return>  to proceed.
If that doesn't work, type  X <return>  to quit.

c:/Users/kkwie/OneDrive/Dokumente/Latex/Maschine_Learning/Maschine_Learning/Ferdi/Ferdi.tex:83: Undefined control sequence.
l.83     \item $d_{\text
                        {embed}} = 64$
The control sequence at the end of the top line
of your error message was never \def'ed. If you have
misspelled it (e.g., `\hobx'), type `I' and the correct
spelling (e.g., `I\hbox'). Otherwise just continue,
and I'll forget about whatever was undefined.


Overfull \hbox (38.62425pt too wide) in paragraph at lines 83--84
\OML/cmm/m/it/10 d[] \/cmr/m/n/10 =
 []


Overfull \hbox (10.00003pt too wide) in paragraph at lines 83--84
\/cmr/m/n/10 64$ 
 []


c:/Users/kkwie/OneDrive/Dokumente/Latex/Maschine_Learning/Maschine_Learning/Ferdi/Ferdi.tex:84: LaTeX Error: Lonely \item--perhaps a missing list environment.

See the LaTeX manual or LaTeX Companion for explanation.
Type  H <return>  for immediate help.
 ...                                              
                                                  
l.84     \item $
                N_H = 4$
Try typing  <return>  to proceed.
If that doesn't work, type  X <return>  to quit.


Overfull \hbox (26.17496pt too wide) in paragraph at lines 84--85
\OML/cmm/m/it/10 N[] \/cmr/m/n/10 =
 []


Overfull \hbox (5.00002pt too wide) in paragraph at lines 84--85
\/cmr/m/n/10 4$ 
 []


c:/Users/kkwie/OneDrive/Dokumente/Latex/Maschine_Learning/Maschine_Learning/Ferdi/Ferdi.tex:85: LaTeX Error: Lonely \item--perhaps a missing list environment.

See the LaTeX manual or LaTeX Companion for explanation.
Type  H <return>  for immediate help.
 ...                                              
                                                  
l.85     \item $
                d_{\text{ffw}} = 128$
Try typing  <return>  to proceed.
If that doesn't work, type  X <return>  to quit.

c:/Users/kkwie/OneDrive/Dokumente/Latex/Maschine_Learning/Maschine_Learning/Ferdi/Ferdi.tex:85: Undefined control sequence.
l.85     \item $d_{\text
                        {ffw}} = 128$
The control sequence at the end of the top line
of your error message was never \def'ed. If you have
misspelled it (e.g., `\hobx'), type `I' and the correct
spelling (e.g., `I\hbox'). Otherwise just continue,
and I'll forget about whatever was undefined.


Overfull \hbox (31.60194pt too wide) in paragraph at lines 85--86
\OML/cmm/m/it/10 d[] \/cmr/m/n/10 =
 []


Overfull \hbox (15.00005pt too wide) in paragraph at lines 85--86
\/cmr/m/n/10 128$ 
 []


c:/Users/kkwie/OneDrive/Dokumente/Latex/Maschine_Learning/Maschine_Learning/Ferdi/Ferdi.tex:86: LaTeX Error: \begin{document} ended by \end{itemize}.

See the LaTeX manual or LaTeX Companion for explanation.
Type  H <return>  for immediate help.
 ...                                              
                                                  
l.86 \end{itemize}
                  
Your command was ignored.
Type  I <command> <return>  to replace it with another command,
or  <return>  to continue without it.

c:/Users/kkwie/OneDrive/Dokumente/Latex/Maschine_Learning/Maschine_Learning/Ferdi/Ferdi.tex:86: Missing } inserted.
<inserted text> 
                }
l.86 \end{itemize}
                  
I've inserted something that you may have forgotten.
(See the <inserted text> above.)
With luck, this will get me unwedged. But if you
really didn't forget anything, try typing `2' now; then
my insertion and my current dilemma will both disappear.

c:/Users/kkwie/OneDrive/Dokumente/Latex/Maschine_Learning/Maschine_Learning/Ferdi/Ferdi.tex:86: Extra \endgroup.
<recently read> \endgroup 
                          
l.86 \end{itemize}
                  
Things are pretty mixed up, but I think the worst is over.

c:/Users/kkwie/OneDrive/Dokumente/Latex/Maschine_Learning/Maschine_Learning/Ferdi/Ferdi.tex:89: Undefined control sequence.
l.89 Wieder NICHT SCHLECHT. In \autoref
                                       {fig:ferdi:model1_gen1_tf} findet sic...
The control sequence at the end of the top line
of your error message was never \def'ed. If you have
misspelled it (e.g., `\hobx'), type `I' and the correct
spelling (e.g., `I\hbox'). Otherwise just continue,
and I'll forget about whatever was undefined.

c:/Users/kkwie/OneDrive/Dokumente/Latex/Maschine_Learning/Maschine_Learning/Ferdi/Ferdi.tex:89: Missing $ inserted.
<inserted text> 
                $
l.89 ...HT SCHLECHT. In \autoref{fig:ferdi:model1_
                                                  gen1_tf} findet sich das m...
I've inserted a begin-math/end-math symbol since I think
you left one out. Proceed, with fingers crossed.

c:/Users/kkwie/OneDrive/Dokumente/Latex/Maschine_Learning/Maschine_Learning/Ferdi/Ferdi.tex:89: Extra }, or forgotten $.
l.89 ...CHT. In \autoref{fig:ferdi:model1_gen1_tf}
                                                   findet sich das mithilfe ...
I've deleted a group-closing symbol because it seems to be
spurious, as in `$x}$'. But perhaps the } is legitimate and
you forgot something else, as in `\hbox{$x}'. In such cases
the way to recover is to insert both the forgotten and the
deleted material, e.g., by typing `I$}'.


LaTeX Warning: Command \" invalid in math mode on input line 89.

c:/Users/kkwie/OneDrive/Dokumente/Latex/Maschine_Learning/Maschine_Learning/Ferdi/Ferdi.tex:89: Please use \mathaccent for accents in math mode.
\add@accent ... \let \ignorespaces \relax \accent 
                                                  #1 #2\egroup \ifmmode \els...
l.89 ...t sich das mithilfe des gleichen Input fü
                                                  r RNNs generierten
I'm changing \accent to \mathaccent here; wish me luck.
(Accents are not the same in formulas as they are in text.)


LaTeX Warning: Command \" invalid in math mode on input line 90.

c:/Users/kkwie/OneDrive/Dokumente/Latex/Maschine_Learning/Maschine_Learning/Ferdi/Ferdi.tex:90: Please use \mathaccent for accents in math mode.
\add@accent ... \let \ignorespaces \relax \accent 
                                                  #1 #2\egroup \ifmmode \els...
l.90 Musikstü
              ckes; \autoref{fig:ferdi:model1_gen2_tf} zeigt hingegen ein vo...
I'm changing \accent to \mathaccent here; wish me luck.
(Accents are not the same in formulas as they are in text.)

c:/Users/kkwie/OneDrive/Dokumente/Latex/Maschine_Learning/Maschine_Learning/Ferdi/Ferdi.tex:90: Undefined control sequence.
l.90 Musikstückes; \autoref
                            {fig:ferdi:model1_gen2_tf} zeigt hingegen ein vo...
The control sequence at the end of the top line
of your error message was never \def'ed. If you have
misspelled it (e.g., `\hobx'), type `I' and the correct
spelling (e.g., `I\hbox'). Otherwise just continue,
and I'll forget about whatever was undefined.


LaTeX Warning: Command \" invalid in math mode on input line 90.

c:/Users/kkwie/OneDrive/Dokumente/Latex/Maschine_Learning/Maschine_Learning/Ferdi/Ferdi.tex:90: Please use \mathaccent for accents in math mode.
\add@accent ... \let \ignorespaces \relax \accent 
                                                  #1 #2\egroup \ifmmode \els...
l.90 ...odel1_gen2_tf} zeigt hingegen ein vollstä
                                                  ndig generiertes Stück, n...
I'm changing \accent to \mathaccent here; wish me luck.
(Accents are not the same in formulas as they are in text.)


LaTeX Warning: Command \" invalid in math mode on input line 90.

c:/Users/kkwie/OneDrive/Dokumente/Latex/Maschine_Learning/Maschine_Learning/Ferdi/Ferdi.tex:90: Please use \mathaccent for accents in math mode.
\add@accent ... \let \ignorespaces \relax \accent 
                                                  #1 #2\egroup \ifmmode \els...
l.90 ...hingegen ein vollständig generiertes Stü
                                                  ck, nur mit dem
I'm changing \accent to \mathaccent here; wish me luck.
(Accents are not the same in formulas as they are in text.)

c:/Users/kkwie/OneDrive/Dokumente/Latex/Maschine_Learning/Maschine_Learning/Ferdi/Ferdi.tex:91: Undefined control sequence.
l.91 $\text
           {SOS}$-Token als Input.
The control sequence at the end of the top line
of your error message was never \def'ed. If you have
misspelled it (e.g., `\hobx'), type `I' and the correct
spelling (e.g., `I\hbox'). Otherwise just continue,
and I'll forget about whatever was undefined.

c:/Users/kkwie/OneDrive/Dokumente/Latex/Maschine_Learning/Maschine_Learning/Ferdi/Ferdi.tex:92: Missing $ inserted.
<inserted text> 
                $
l.92 
     
I've inserted a begin-math/end-math symbol since I think
you left one out. Proceed, with fingers crossed.


Overfull \hbox (16.97226pt too wide) in paragraph at lines 87--92
\/cmr/m/n/10 Wir
 []


Overfull \hbox (42.27786pt too wide) in paragraph at lines 87--92
\/cmr/m/n/10 trainieren
 []


Overfull \hbox (23.61115pt too wide) in paragraph at lines 87--92
\/cmr/m/n/10 eben-
 []


Overfull \hbox (17.5556pt too wide) in paragraph at lines 87--92
\/cmr/m/n/10 falls
 []


Overfull \hbox (12.52782pt too wide) in paragraph at lines 87--92
\/cmr/m/n/10 f^^?ur
 []


Overfull \hbox (10.00003pt too wide) in paragraph at lines 87--92
\/cmr/m/n/10 20
 []


Overfull \hbox (37.63898pt too wide) in paragraph at lines 87--92
\/cmr/m/n/10 Epochen
 []


Overfull \hbox (15.00005pt too wide) in paragraph at lines 87--92
\/cmr/m/n/10 mit
 []


Overfull \hbox (47.11124pt too wide) in paragraph at lines 87--92
\/cmr/m/n/10 EarlyStop-
 []


Overfull \hbox (18.88895pt too wide) in paragraph at lines 87--92
\/cmr/m/n/10 ping
 []


Overfull \hbox (16.66672pt too wide) in paragraph at lines 87--92
\/cmr/m/n/10 und
 []


Overfull \hbox (15.13889pt too wide) in paragraph at lines 87--92
\/cmr/m/n/10 Re-
 []


Overfull \hbox (29.58337pt too wide) in paragraph at lines 87--92
\/cmr/m/n/10 duceL-
 []


Overfull \hbox (23.75003pt too wide) in paragraph at lines 87--92
\/cmr/m/n/10 ROn-
 []


Overfull \hbox (36.25009pt too wide) in paragraph at lines 87--92
\/cmr/m/n/10 Plateau.
 []


Overfull \hbox (22.22226pt too wide) in paragraph at lines 87--92
\/cmr/m/n/10 Nach
 []


Overfull \hbox (10.00003pt too wide) in paragraph at lines 87--92
\/cmr/m/n/10 15
 []


Overfull \hbox (37.63898pt too wide) in paragraph at lines 87--92
\/cmr/m/n/10 Epochen
 []


Overfull \hbox (19.47226pt too wide) in paragraph at lines 87--92
\/cmr/m/n/10 wird
 []


Overfull \hbox (14.50003pt too wide) in paragraph at lines 87--92
\/cmr/m/n/10 das
 []


Overfull \hbox (26.97226pt too wide) in paragraph at lines 87--92
\/cmr/m/n/10 Train-
 []


Overfull \hbox (13.33337pt too wide) in paragraph at lines 87--92
\/cmr/m/n/10 ing
 []


Overfull \hbox (23.61115pt too wide) in paragraph at lines 87--92
\/cmr/m/n/10 been-
 []


Overfull \hbox (13.88892pt too wide) in paragraph at lines 87--92
\/cmr/m/n/10 det
 []


Overfull \hbox (16.66672pt too wide) in paragraph at lines 87--92
\/cmr/m/n/10 und
 []


Overfull \hbox (14.50003pt too wide) in paragraph at lines 87--92
\/cmr/m/n/10 das
 []


Overfull \hbox (22.55559pt too wide) in paragraph at lines 87--92
\/cmr/m/n/10 beste
 []


Overfull \hbox (23.33339pt too wide) in paragraph at lines 87--92
\/cmr/m/n/10 Mod-
 []


Overfull \hbox (10.00002pt too wide) in paragraph at lines 87--92
\/cmr/m/n/10 ell
 []


Overfull \hbox (14.50003pt too wide) in paragraph at lines 87--92
\/cmr/m/n/10 aus
 []


Overfull \hbox (32.0834pt too wide) in paragraph at lines 87--92
\/cmr/m/n/10 Epoche
 []


Overfull \hbox (10.00003pt too wide) in paragraph at lines 87--92
\/cmr/m/n/10 10
 []


Overfull \hbox (59.75015pt too wide) in paragraph at lines 87--92
\/cmr/m/n/10 ^^?ubernommen:
 []


Overfull \hbox (15.83337pt too wide) in paragraph at lines 87--92
\/cmr/m/n/10 val-
 []


Overfull \hbox (38.0834pt too wide) in paragraph at lines 87--92
\/cmr/m/n/10 accuracy
 []


Overfull \hbox (15.5556pt too wide) in paragraph at lines 87--92
\/cmr/m/n/10 von
 []


Overfull \hbox (12.22224pt too wide) in paragraph at lines 87--92
\/cmr/m/n/10 ca.
 []


Overfull \hbox (18.33339pt too wide) in paragraph at lines 87--92
\/cmr/m/n/10 84%
 []


Overfull \hbox (16.66672pt too wide) in paragraph at lines 87--92
\/cmr/m/n/10 und
 []


Overfull \hbox (19.50002pt too wide) in paragraph at lines 87--92
\/cmr/m/n/10 test-
 []


Overfull \hbox (38.0834pt too wide) in paragraph at lines 87--92
\/cmr/m/n/10 accuracy
 []


Overfull \hbox (15.5556pt too wide) in paragraph at lines 87--92
\/cmr/m/n/10 von
 []


Overfull \hbox (12.22224pt too wide) in paragraph at lines 87--92
\/cmr/m/n/10 ca.
 []


Overfull \hbox (21.11118pt too wide) in paragraph at lines 87--92
\/cmr/m/n/10 82%.
 []


Overfull \hbox (31.41672pt too wide) in paragraph at lines 87--92
\/cmr/m/n/10 Wieder
 []


Overfull \hbox (33.0556pt too wide) in paragraph at lines 87--92
\/cmr/m/n/10 NICHT
 []


Overfull \hbox (58.05566pt too wide) in paragraph at lines 87--92
\/cmr/m/n/10 SCHLECHT.
 []


Overfull \hbox (9.16669pt too wide) in paragraph at lines 87--92
\/cmr/m/n/10 In
 []


Overfull \hbox (914.93748pt too wide) in paragraph at lines 87--92
\/cmr/m/n/10 fig:ferdi:model1$[]\OML/cmm/m/it/10 en\/cmr/m/n/10 1[]\OML/cmm/m/it/10 ffindetsichdasmithilfedesgleichenInputf[]rRNNsgeneriertenMusikst[]ckes\/cmr/m/n/10 ; []\OML/cmm/m/it/10 zeigthingegeneinvollst[]ndiggeneriertesSt[]ck; nurmitdem$\/cmr/m/n/10 SOS$\OMS/cmsy/m/n/10 ^^@\OML/cmm/m/it/10 TokenalsInput:$ 
 []


c:/Users/kkwie/OneDrive/Dokumente/Latex/Maschine_Learning/Maschine_Learning/Ferdi/Ferdi.tex:92: LaTeX Error: The font size command \normalsize is not defined:
               there is probably something wrong with the class file.

See the LaTeX manual or LaTeX Companion for explanation.
Type  H <return>  for immediate help.
 ...                                              
                                                  
l.92 
     
Your command was ignored.
Type  I <command> <return>  to replace it with another command,
or  <return>  to continue without it.

[1{C:/Users/kkwie/AppData/Local/MiKTeX/fonts/map/pdftex/pdftex.map}
c:/Users/kkwie/OneDrive/Dokumente/Latex/Maschine_Learning/Maschine_Learning/Ferdi/Ferdi.tex:92: Undefined control sequence.
<write> ...hap:ferdi:architecture_tf}{{}{\thepage 
                                                  }{}{}{}}
l.92 
     
The control sequence at the end of the top line
of your error message was never \def'ed. If you have
misspelled it (e.g., `\hobx'), type `I' and the correct
spelling (e.g., `I\hbox'). Otherwise just continue,
and I'll forget about whatever was undefined.

\newlabel{chap:ferdi:architecture_tf}{{}{}{}{}{}}
c:/Users/kkwie/OneDrive/Dokumente/Latex/Maschine_Learning/Maschine_Learning/Ferdi/Ferdi.tex:92: Undefined control sequence.
<write> ...ig:ferdi:visualization_tf}{{}{\thepage 
                                                  }{}{}{}}
l.92 
     
The control sequence at the end of the top line
of your error message was never \def'ed. If you have
misspelled it (e.g., `\hobx'), type `I' and the correct
spelling (e.g., `I\hbox'). Otherwise just continue,
and I'll forget about whatever was undefined.

\newlabel{fig:ferdi:visualization_tf}{{}{}{}{}{}}
c:/Users/kkwie/OneDrive/Dokumente/Latex/Maschine_Learning/Maschine_Learning/Ferdi/Ferdi.tex:92: Undefined control sequence.
<write> ...label{fig:ferdi:model1_tf}{{}{\thepage 
                                                  }{}{}{}}
l.92 
     
The control sequence at the end of the top line
of your error message was never \def'ed. If you have
misspelled it (e.g., `\hobx'), type `I' and the correct
spelling (e.g., `I\hbox'). Otherwise just continue,
and I'll forget about whatever was undefined.

\newlabel{fig:ferdi:model1_tf}{{}{}{}{}{}}
]

c:/Users/kkwie/OneDrive/Dokumente/Latex/Maschine_Learning/Maschine_Learning/Ferdi/Ferdi.tex:93: LaTeX Error: Environment figure undefined.

See the LaTeX manual or LaTeX Companion for explanation.
Type  H <return>  for immediate help.
 ...                                              
                                                  
l.93 \begin{figure}
                   [h]
Your command was ignored.
Type  I <command> <return>  to replace it with another command,
or  <return>  to continue without it.

c:/Users/kkwie/OneDrive/Dokumente/Latex/Maschine_Learning/Maschine_Learning/Ferdi/Ferdi.tex:95: Undefined control sequence.
l.95     \includegraphics
                         [width=1\textwidth]{model1_gen1_ferdi.png}
The control sequence at the end of the top line
of your error message was never \def'ed. If you have
misspelled it (e.g., `\hobx'), type `I' and the correct
spelling (e.g., `I\hbox'). Otherwise just continue,
and I'll forget about whatever was undefined.

c:/Users/kkwie/OneDrive/Dokumente/Latex/Maschine_Learning/Maschine_Learning/Ferdi/Ferdi.tex:95: Missing number, treated as zero.
<to be read again> 
                   ]
l.95     \includegraphics[width=1\textwidth]
                                            {model1_gen1_ferdi.png}
A number should have been here; I inserted `0'.
(If you can't figure out why I needed to see a number,
look up `weird error' in the index to The TeXbook.)

c:/Users/kkwie/OneDrive/Dokumente/Latex/Maschine_Learning/Maschine_Learning/Ferdi/Ferdi.tex:95: Illegal unit of measure (pt inserted).
<to be read again> 
                   ]
l.95     \includegraphics[width=1\textwidth]
                                            {model1_gen1_ferdi.png}
Dimensions can be in units of em, ex, in, pt, pc,
cm, mm, dd, cc, nd, nc, bp, or sp; but yours is a new one!
I'll assume that you meant to say pt, for printer's points.
To recover gracefully from this error, it's best to
delete the erroneous units; e.g., type `2' to delete
two letters. (See Chapter 27 of The TeXbook.)

c:/Users/kkwie/OneDrive/Dokumente/Latex/Maschine_Learning/Maschine_Learning/Ferdi/Ferdi.tex:95: Missing $ inserted.
<inserted text> 
                $
l.95 ...includegraphics[width=1\textwidth]{model1_
                                                  gen1_ferdi.png}
I've inserted a begin-math/end-math symbol since I think
you left one out. Proceed, with fingers crossed.

c:/Users/kkwie/OneDrive/Dokumente/Latex/Maschine_Learning/Maschine_Learning/Ferdi/Ferdi.tex:95: Extra }, or forgotten $.
l.95 ...[width=1\textwidth]{model1_gen1_ferdi.png}
                                                  
I've deleted a group-closing symbol because it seems to be
spurious, as in `$x}$'. But perhaps the } is legitimate and
you forgot something else, as in `\hbox{$x}'. In such cases
the way to recover is to insert both the forgotten and the
deleted material, e.g., by typing `I$}'.


c:/Users/kkwie/OneDrive/Dokumente/Latex/Maschine_Learning/Maschine_Learning/Ferdi/Ferdi.tex:96: LaTeX Error: \caption outside float.

See the LaTeX manual or LaTeX Companion for explanation.
Type  H <return>  for immediate help.
 ...                                              
                                                  
l.96     \caption
                 {Generiertes Musikstück mit $\text{temp}=1.2$, die ersten ...
You're in trouble here.  Try typing  <return>  to proceed.
If that doesn't work, type  X <return>  to quit.


LaTeX Warning: Command \" invalid in math mode on input line 96.

c:/Users/kkwie/OneDrive/Dokumente/Latex/Maschine_Learning/Maschine_Learning/Ferdi/Ferdi.tex:96: Please use \mathaccent for accents in math mode.
\add@accent ... \let \ignorespaces \relax \accent 
                                                  #1 #2\egroup \ifmmode \els...
l.96     \caption{Generiertes Musikstü
                                       ck mit $\text{temp}=1.2$, die ersten ...
I'm changing \accent to \mathaccent here; wish me luck.
(Accents are not the same in formulas as they are in text.)

c:/Users/kkwie/OneDrive/Dokumente/Latex/Maschine_Learning/Maschine_Learning/Ferdi/Ferdi.tex:96: Missing } inserted.
<inserted text> 
                }
l.96     \caption{Generiertes Musikstück mit $
                                               \text{temp}=1.2$, die ersten ...
I've inserted something that you may have forgotten.
(See the <inserted text> above.)
With luck, this will get me unwedged. But if you
really didn't forget anything, try typing `2' now; then
my insertion and my current dilemma will both disappear.

c:/Users/kkwie/OneDrive/Dokumente/Latex/Maschine_Learning/Maschine_Learning/Ferdi/Ferdi.tex:96: Undefined control sequence.
l.96 ...caption{Generiertes Musikstück mit $\text
                                                  {temp}=1.2$, die ersten be...
The control sequence at the end of the top line
of your error message was never \def'ed. If you have
misspelled it (e.g., `\hobx'), type `I' and the correct
spelling (e.g., `I\hbox'). Otherwise just continue,
and I'll forget about whatever was undefined.

c:/Users/kkwie/OneDrive/Dokumente/Latex/Maschine_Learning/Maschine_Learning/Ferdi/Ferdi.tex:96: Extra }, or forgotten $.
l.96 ...e ersten beiden Takte sind vorgegeben (A)}
                                                  
I've deleted a group-closing symbol because it seems to be
spurious, as in `$x}$'. But perhaps the } is legitimate and
you forgot something else, as in `\hbox{$x}'. In such cases
the way to recover is to insert both the forgotten and the
deleted material, e.g., by typing `I$}'.


c:/Users/kkwie/OneDrive/Dokumente/Latex/Maschine_Learning/Maschine_Learning/Ferdi/Ferdi.tex:98: LaTeX Error: \begin{document} ended by \end{figure}.

See the LaTeX manual or LaTeX Companion for explanation.
Type  H <return>  for immediate help.
 ...                                              
                                                  
l.98 \end{figure}
                 
Your command was ignored.
Type  I <command> <return>  to replace it with another command,
or  <return>  to continue without it.

c:/Users/kkwie/OneDrive/Dokumente/Latex/Maschine_Learning/Maschine_Learning/Ferdi/Ferdi.tex:98: Missing $ inserted.
<inserted text> 
                $
l.98 \end{figure}
                 
I've inserted something that you may have forgotten.
(See the <inserted text> above.)
With luck, this will get me unwedged. But if you
really didn't forget anything, try typing `2' now; then
my insertion and my current dilemma will both disappear.

c:/Users/kkwie/OneDrive/Dokumente/Latex/Maschine_Learning/Maschine_Learning/Ferdi/Ferdi.tex:98: Missing } inserted.
<inserted text> 
                }
l.98 \end{figure}
                 
I've inserted something that you may have forgotten.
(See the <inserted text> above.)
With luck, this will get me unwedged. But if you
really didn't forget anything, try typing `2' now; then
my insertion and my current dilemma will both disappear.


Overfull \hbox (31.11115pt too wide) in paragraph at lines 93--99
[]\/cmr/m/n/10 [h]
 []


Overfull \hbox (488.41785pt too wide) in paragraph at lines 93--99
\/cmr/m/n/10 [width=1]model1$[]\OML/cmm/m/it/10 en\/cmr/m/n/10 1[]\OML/cmm/m/it/10 erdi:png[]$\/cmr/m/n/10 temp=1.2$\OML/cmm/m/it/10 ; dieerstenbeidenTaktesindvorgegeben\/cmr/m/n/10 (\OML/cmm/m/it/10 A\/cmr/m/n/10 )[]$ 
 []


c:/Users/kkwie/OneDrive/Dokumente/Latex/Maschine_Learning/Maschine_Learning/Ferdi/Ferdi.tex:100: LaTeX Error: Environment figure undefined.

See the LaTeX manual or LaTeX Companion for explanation.
Type  H <return>  for immediate help.
 ...                                              
                                                  
l.100 \begin{figure}
                    [h!]
Your command was ignored.
Type  I <command> <return>  to replace it with another command,
or  <return>  to continue without it.

c:/Users/kkwie/OneDrive/Dokumente/Latex/Maschine_Learning/Maschine_Learning/Ferdi/Ferdi.tex:102: Undefined control sequence.
l.102     \includegraphics
                          [width=1\textwidth]{model1_gen2_ferdi.png}
The control sequence at the end of the top line
of your error message was never \def'ed. If you have
misspelled it (e.g., `\hobx'), type `I' and the correct
spelling (e.g., `I\hbox'). Otherwise just continue,
and I'll forget about whatever was undefined.

c:/Users/kkwie/OneDrive/Dokumente/Latex/Maschine_Learning/Maschine_Learning/Ferdi/Ferdi.tex:102: Missing number, treated as zero.
<to be read again> 
                   ]
l.102     \includegraphics[width=1\textwidth]
                                             {model1_gen2_ferdi.png}
A number should have been here; I inserted `0'.
(If you can't figure out why I needed to see a number,
look up `weird error' in the index to The TeXbook.)

c:/Users/kkwie/OneDrive/Dokumente/Latex/Maschine_Learning/Maschine_Learning/Ferdi/Ferdi.tex:102: Illegal unit of measure (pt inserted).
<to be read again> 
                   ]
l.102     \includegraphics[width=1\textwidth]
                                             {model1_gen2_ferdi.png}
Dimensions can be in units of em, ex, in, pt, pc,
cm, mm, dd, cc, nd, nc, bp, or sp; but yours is a new one!
I'll assume that you meant to say pt, for printer's points.
To recover gracefully from this error, it's best to
delete the erroneous units; e.g., type `2' to delete
two letters. (See Chapter 27 of The TeXbook.)

c:/Users/kkwie/OneDrive/Dokumente/Latex/Maschine_Learning/Maschine_Learning/Ferdi/Ferdi.tex:102: Missing $ inserted.
<inserted text> 
                $
l.102 ...ncludegraphics[width=1\textwidth]{model1_
                                                  gen2_ferdi.png}
I've inserted a begin-math/end-math symbol since I think
you left one out. Proceed, with fingers crossed.

c:/Users/kkwie/OneDrive/Dokumente/Latex/Maschine_Learning/Maschine_Learning/Ferdi/Ferdi.tex:102: Extra }, or forgotten $.
l.102 ...width=1\textwidth]{model1_gen2_ferdi.png}
                                                  
I've deleted a group-closing symbol because it seems to be
spurious, as in `$x}$'. But perhaps the } is legitimate and
you forgot something else, as in `\hbox{$x}'. In such cases
the way to recover is to insert both the forgotten and the
deleted material, e.g., by typing `I$}'.


c:/Users/kkwie/OneDrive/Dokumente/Latex/Maschine_Learning/Maschine_Learning/Ferdi/Ferdi.tex:103: LaTeX Error: \caption outside float.

See the LaTeX manual or LaTeX Companion for explanation.
Type  H <return>  for immediate help.
 ...                                              
                                                  
l.103     \caption
                  {Generiertes Musikstück mit $\text{temp}=1$, wir geben ke...
You're in trouble here.  Try typing  <return>  to proceed.
If that doesn't work, type  X <return>  to quit.


LaTeX Warning: Command \" invalid in math mode on input line 103.

c:/Users/kkwie/OneDrive/Dokumente/Latex/Maschine_Learning/Maschine_Learning/Ferdi/Ferdi.tex:103: Please use \mathaccent for accents in math mode.
\add@accent ... \let \ignorespaces \relax \accent 
                                                  #1 #2\egroup \ifmmode \els...
l.103     \caption{Generiertes Musikstü
                                        ck mit $\text{temp}=1$, wir geben ke...
I'm changing \accent to \mathaccent here; wish me luck.
(Accents are not the same in formulas as they are in text.)

c:/Users/kkwie/OneDrive/Dokumente/Latex/Maschine_Learning/Maschine_Learning/Ferdi/Ferdi.tex:103: Missing } inserted.
<inserted text> 
                }
l.103     \caption{Generiertes Musikstück mit $
                                                \text{temp}=1$, wir geben ke...
I've inserted something that you may have forgotten.
(See the <inserted text> above.)
With luck, this will get me unwedged. But if you
really didn't forget anything, try typing `2' now; then
my insertion and my current dilemma will both disappear.

c:/Users/kkwie/OneDrive/Dokumente/Latex/Maschine_Learning/Maschine_Learning/Ferdi/Ferdi.tex:103: Undefined control sequence.
l.103 ...aption{Generiertes Musikstück mit $\text
                                                  {temp}=1$, wir geben keine...
The control sequence at the end of the top line
of your error message was never \def'ed. If you have
misspelled it (e.g., `\hobx'), type `I' and the correct
spelling (e.g., `I\hbox'). Otherwise just continue,
and I'll forget about whatever was undefined.

c:/Users/kkwie/OneDrive/Dokumente/Latex/Maschine_Learning/Maschine_Learning/Ferdi/Ferdi.tex:103: Extra }, or forgotten $.
l.103 ...{temp}=1$, wir geben keine Noten vor (B)}
                                                  
I've deleted a group-closing symbol because it seems to be
spurious, as in `$x}$'. But perhaps the } is legitimate and
you forgot something else, as in `\hbox{$x}'. In such cases
the way to recover is to insert both the forgotten and the
deleted material, e.g., by typing `I$}'.


c:/Users/kkwie/OneDrive/Dokumente/Latex/Maschine_Learning/Maschine_Learning/Ferdi/Ferdi.tex:105: LaTeX Error: \begin{document} ended by \end{figure}.

See the LaTeX manual or LaTeX Companion for explanation.
Type  H <return>  for immediate help.
 ...                                              
                                                  
l.105 \end{figure}
                  
Your command was ignored.
Type  I <command> <return>  to replace it with another command,
or  <return>  to continue without it.

c:/Users/kkwie/OneDrive/Dokumente/Latex/Maschine_Learning/Maschine_Learning/Ferdi/Ferdi.tex:105: Missing $ inserted.
<inserted text> 
                $
l.105 \end{figure}
                  
I've inserted something that you may have forgotten.
(See the <inserted text> above.)
With luck, this will get me unwedged. But if you
really didn't forget anything, try typing `2' now; then
my insertion and my current dilemma will both disappear.

c:/Users/kkwie/OneDrive/Dokumente/Latex/Maschine_Learning/Maschine_Learning/Ferdi/Ferdi.tex:105: Missing } inserted.
<inserted text> 
                }
l.105 \end{figure}
                  
I've inserted something that you may have forgotten.
(See the <inserted text> above.)
With luck, this will get me unwedged. But if you
really didn't forget anything, try typing `2' now; then
my insertion and my current dilemma will both disappear.


Overfull \hbox (33.88893pt too wide) in paragraph at lines 100--106
[]\/cmr/m/n/10 [h!]
 []


Overfull \hbox (424.01538pt too wide) in paragraph at lines 100--106
\/cmr/m/n/10 [width=1]model1$[]\OML/cmm/m/it/10 en\/cmr/m/n/10 2[]\OML/cmm/m/it/10 erdi:png[]$\/cmr/m/n/10 temp=1$\OML/cmm/m/it/10 ; wirgebenkeineNotenvor\/cmr/m/n/10 (\OML/cmm/m/it/10 B\/cmr/m/n/10 )[]$ 
 []


Overfull \hbox (43.63892pt too wide) in paragraph at lines 107--114
[]\/cmr/m/n/10 Trotz
 []


Overfull \hbox (12.7778pt too wide) in paragraph at lines 107--114
\/cmr/m/n/10 ein
 []


Overfull \hbox (19.47227pt too wide) in paragraph at lines 107--114
\/cmr/m/n/10 paar
 []


Overfull \hbox (17.80559pt too wide) in paragraph at lines 107--114
\/cmr/m/n/10 har-
 []


Overfull \hbox (28.9445pt too wide) in paragraph at lines 107--114
\/cmr/m/n/10 monis-
 []


Overfull \hbox (19.72224pt too wide) in paragraph at lines 107--114
\/cmr/m/n/10 chen
 []


Overfull \hbox (16.38892pt too wide) in paragraph at lines 107--114
\/cmr/m/n/10 Un-
 []


Overfull \hbox (55.58344pt too wide) in paragraph at lines 107--114
\/cmr/m/n/10 gereimheiten
 []


Overfull \hbox (10.61113pt too wide) in paragraph at lines 107--114
\/cmr/m/n/10 ist
 []


Overfull \hbox (14.50003pt too wide) in paragraph at lines 107--114
\/cmr/m/n/10 das
 []


Overfull \hbox (11.69444pt too wide) in paragraph at lines 107--114
\/cmr/m/n/10 er-
 []


Overfull \hbox (12.27779pt too wide) in paragraph at lines 107--114
\/cmr/m/n/10 ste
 []


Overfull \hbox (24.4445pt too wide) in paragraph at lines 107--114
\/cmr/m/n/10 St^^?uck
 []


Overfull \hbox (12.2778pt too wide) in paragraph at lines 107--114
\/cmr/m/n/10 bis
 []


Overfull \hbox (20.5556pt too wide) in paragraph at lines 107--114
\/cmr/m/n/10 Takt
 []


Overfull \hbox (10.00003pt too wide) in paragraph at lines 107--114
\/cmr/m/n/10 20
 []


Overfull \hbox (12.52782pt too wide) in paragraph at lines 107--114
\/cmr/m/n/10 f^^?ur
 []


Overfull \hbox (14.50003pt too wide) in paragraph at lines 107--114
\/cmr/m/n/10 das
 []


Overfull \hbox (50.61119pt too wide) in paragraph at lines 107--114
\/cmr/m/n/10 ungeschulte
 []


Overfull \hbox (17.25005pt too wide) in paragraph at lines 107--114
\/cmr/m/n/10 Ohr
 []


Overfull \hbox (21.69446pt too wide) in paragraph at lines 107--114
\/cmr/m/n/10 recht
 []


Overfull \hbox (26.66672pt too wide) in paragraph at lines 107--114
\/cmr/m/n/10 gelun-
 []


Overfull \hbox (17.77782pt too wide) in paragraph at lines 107--114
\/cmr/m/n/10 gen,
 []


Overfull \hbox (10.55559pt too wide) in paragraph at lines 107--114
\/cmr/m/n/10 ab
 []


Overfull \hbox (20.5556pt too wide) in paragraph at lines 107--114
\/cmr/m/n/10 Takt
 []


Overfull \hbox (10.00003pt too wide) in paragraph at lines 107--114
\/cmr/m/n/10 21
 []


Overfull \hbox (17.83337pt too wide) in paragraph at lines 107--114
\/cmr/m/n/10 sind
 []


Overfull \hbox (12.7778pt too wide) in paragraph at lines 107--114
\/cmr/m/n/10 die
 []


Overfull \hbox (26.69447pt too wide) in paragraph at lines 107--114
\/cmr/m/n/10 gener-
 []


Overfull \hbox (25.02782pt too wide) in paragraph at lines 107--114
\/cmr/m/n/10 ierten
 []


Overfull \hbox (26.11118pt too wide) in paragraph at lines 107--114
\/cmr/m/n/10 Akko-
 []


Overfull \hbox (13.91669pt too wide) in paragraph at lines 107--114
\/cmr/m/n/10 rde
 []


Overfull \hbox (18.36113pt too wide) in paragraph at lines 107--114
\/cmr/m/n/10 eher
 []


Overfull \hbox (13.91669pt too wide) in paragraph at lines 107--114
\/cmr/m/n/10 der
 []


Overfull \hbox (22.8056pt too wide) in paragraph at lines 107--114
\/cmr/m/n/10 Sorte
 []


Overfull \hbox (23.50003pt too wide) in paragraph at lines 107--114
\/cmr/m/n/10 "Free
 []


Overfull \hbox (26.8056pt too wide) in paragraph at lines 107--114
\/cmr/m/n/10 Jazz".
 []


Overfull \hbox (22.63893pt too wide) in paragraph at lines 107--114
\/cmr/m/n/10 Doch
 []


Overfull \hbox (20.27782pt too wide) in paragraph at lines 107--114
\/cmr/m/n/10 auch
 []


Overfull \hbox (12.7778pt too wide) in paragraph at lines 107--114
\/cmr/m/n/10 die
 []


Overfull \hbox (56.80565pt too wide) in paragraph at lines 107--114
\/cmr/m/n/10 Transformer-
 []


Overfull \hbox (50.88899pt too wide) in paragraph at lines 107--114
\/cmr/m/n/10 Architektur
 []


Overfull \hbox (13.33334pt too wide) in paragraph at lines 107--114
\/cmr/m/n/10 lei-
 []


Overfull \hbox (13.88892pt too wide) in paragraph at lines 107--114
\/cmr/m/n/10 det
 []


Overfull \hbox (23.08337pt too wide) in paragraph at lines 107--114
\/cmr/m/n/10 unter
 []


Overfull \hbox (34.75005pt too wide) in paragraph at lines 107--114
\/cmr/m/n/10 Wieder-
 []


Overfull \hbox (16.6667pt too wide) in paragraph at lines 107--114
\/cmr/m/n/10 hol-
 []


Overfull \hbox (16.11116pt too wide) in paragraph at lines 107--114
\/cmr/m/n/10 ung
 []


Overfull \hbox (13.91669pt too wide) in paragraph at lines 107--114
\/cmr/m/n/10 der
 []


Overfull \hbox (26.11118pt too wide) in paragraph at lines 107--114
\/cmr/m/n/10 Akko-
 []


Overfull \hbox (16.69447pt too wide) in paragraph at lines 107--114
\/cmr/m/n/10 rde. 
 []


Overfull \hbox (16.58336pt too wide) in paragraph at lines 107--114
\/cmr/m/n/10 Das
 []


Overfull \hbox (16.11115pt too wide) in paragraph at lines 107--114
\/cmr/m/n/10 vol-
 []


Overfull \hbox (24.4445pt too wide) in paragraph at lines 107--114
\/cmr/m/n/10 lkom-
 []


Overfull \hbox (18.33337pt too wide) in paragraph at lines 107--114
\/cmr/m/n/10 men
 []


Overfull \hbox (24.55559pt too wide) in paragraph at lines 107--114
\/cmr/m/n/10 selbst
 []


Overfull \hbox (26.69447pt too wide) in paragraph at lines 107--114
\/cmr/m/n/10 gener-
 []


Overfull \hbox (19.47224pt too wide) in paragraph at lines 107--114
\/cmr/m/n/10 ierte
 []


Overfull \hbox (24.4445pt too wide) in paragraph at lines 107--114
\/cmr/m/n/10 St^^?uck
 []


Overfull \hbox (10.61113pt too wide) in paragraph at lines 107--114
\/cmr/m/n/10 ist
 []


Overfull \hbox (26.66672pt too wide) in paragraph at lines 107--114
\/cmr/m/n/10 hinge-
 []


Overfull \hbox (15.00003pt too wide) in paragraph at lines 107--114
\/cmr/m/n/10 gen
 []


Overfull \hbox (22.77782pt too wide) in paragraph at lines 107--114
\/cmr/m/n/10 deut-
 []


Overfull \hbox (15.2778pt too wide) in paragraph at lines 107--114
\/cmr/m/n/10 lich
 []


Overfull \hbox (14.44447pt too wide) in paragraph at lines 107--114
\/cmr/m/n/10 un-
 []


Overfull \hbox (17.80559pt too wide) in paragraph at lines 107--114
\/cmr/m/n/10 har-
 []


Overfull \hbox (28.9445pt too wide) in paragraph at lines 107--114
\/cmr/m/n/10 monis-
 []


Overfull \hbox (20.86113pt too wide) in paragraph at lines 107--114
\/cmr/m/n/10 cher,
 []


Overfull \hbox (8.94446pt too wide) in paragraph at lines 107--114
\/cmr/m/n/10 so
 []


Overfull \hbox (20.5556pt too wide) in paragraph at lines 107--114
\/cmr/m/n/10 doch
 []


Overfull \hbox (16.44446pt too wide) in paragraph at lines 107--114
\/cmr/m/n/10 sich
 []


Overfull \hbox (20.5556pt too wide) in paragraph at lines 107--114
\/cmr/m/n/10 doch
 []


Overfull \hbox (25.00005pt too wide) in paragraph at lines 107--114
\/cmr/m/n/10 einige
 []


Overfull \hbox (44.75009pt too wide) in paragraph at lines 107--114
\/cmr/m/n/10 anh^^?orliche
 []


Overfull \hbox (13.33334pt too wide) in paragraph at lines 107--114
\/cmr/m/n/10 Se-
 []


Overfull \hbox (24.1667pt too wide) in paragraph at lines 107--114
\/cmr/m/n/10 quen-
 []


Overfull \hbox (14.44446pt too wide) in paragraph at lines 107--114
\/cmr/m/n/10 zen
 []


Overfull \hbox (26.66673pt too wide) in paragraph at lines 107--114
\/cmr/m/n/10 finden
 []


Overfull \hbox (28.44449pt too wide) in paragraph at lines 107--114
\/cmr/m/n/10 lassen. 
 []


Overfull \hbox (22.63893pt too wide) in paragraph at lines 107--114
\/cmr/m/n/10 Doch
 []


Overfull \hbox (20.27782pt too wide) in paragraph at lines 107--114
\/cmr/m/n/10 auch
 []


Overfull \hbox (16.69447pt too wide) in paragraph at lines 107--114
\/cmr/m/n/10 hier
 []


Overfull \hbox (11.16667pt too wide) in paragraph at lines 107--114
\/cmr/m/n/10 sei
 []


Overfull \hbox (37.25006pt too wide) in paragraph at lines 107--114
\/cmr/m/n/10 gewarnt:
 []


Overfull \hbox (14.86113pt too wide) in paragraph at lines 107--114
\/cmr/m/n/10 Die
 []


Overfull \hbox (18.61111pt too wide) in paragraph at lines 107--114
\/cmr/m/n/10 zwei
 []


Overfull \hbox (26.69447pt too wide) in paragraph at lines 107--114
\/cmr/m/n/10 gener-
 []


Overfull \hbox (25.02782pt too wide) in paragraph at lines 107--114
\/cmr/m/n/10 ierten
 []


Overfull \hbox (28.61116pt too wide) in paragraph at lines 107--114
\/cmr/m/n/10 St^^?ucke
 []


Overfull \hbox (26.38896pt too wide) in paragraph at lines 107--114
\/cmr/m/n/10 haben
 []


Overfull \hbox (13.91669pt too wide) in paragraph at lines 107--114
\/cmr/m/n/10 wir
 []


Overfull \hbox (13.05557pt too wide) in paragraph at lines 107--114
\/cmr/m/n/10 ex-
 []


Overfull \hbox (16.11113pt too wide) in paragraph at lines 107--114
\/cmr/m/n/10 em-
 []


Overfull \hbox (20.58337pt too wide) in paragraph at lines 107--114
\/cmr/m/n/10 plar-
 []


Overfull \hbox (16.44446pt too wide) in paragraph at lines 107--114
\/cmr/m/n/10 isch
 []


Overfull \hbox (17.83336pt too wide) in paragraph at lines 107--114
\/cmr/m/n/10 aus-
 []


Overfull \hbox (36.66675pt too wide) in paragraph at lines 107--114
\/cmr/m/n/10 gew^^?ahlt,
 []


Overfull \hbox (8.38889pt too wide) in paragraph at lines 107--114
\/cmr/m/n/10 es
 []


Overfull \hbox (18.61115pt too wide) in paragraph at lines 107--114
\/cmr/m/n/10 geht
 []


Overfull \hbox (39.19453pt too wide) in paragraph at lines 107--114
\/cmr/m/n/10 nat^^?urlich
 []


Overfull \hbox (20.27782pt too wide) in paragraph at lines 107--114
\/cmr/m/n/10 auch
 []


Overfull \hbox (45.36115pt too wide) in paragraph at lines 107--114
\/cmr/m/n/10 schlechter. 
 []

c:/Users/kkwie/OneDrive/Dokumente/Latex/Maschine_Learning/Maschine_Learning/Ferdi/Ferdi.tex:115: Undefined control sequence.
l.115 \subsection
                 {Ein alter Bekannter}\label{chap:ferdi:loss_tf}
The control sequence at the end of the top line
of your error message was never \def'ed. If you have
misspelled it (e.g., `\hobx'), type `I' and the correct
spelling (e.g., `I\hbox'). Otherwise just continue,
and I'll forget about whatever was undefined.


Overfull \hbox (35.13893pt too wide) in paragraph at lines 115--116
[]\/cmr/m/n/10 Ein
 []


Overfull \hbox (11.11113pt too wide) in paragraph at lines 115--116
\/cmr/m/n/10 al-
 []


Overfull \hbox (12.25002pt too wide) in paragraph at lines 115--116
\/cmr/m/n/10 ter
 []


Overfull \hbox (30.13896pt too wide) in paragraph at lines 115--116
\/cmr/m/n/10 Bekan-
 []


Overfull \hbox (17.5278pt too wide) in paragraph at lines 115--116
\/cmr/m/n/10 nter[] 
 []


c:/Users/kkwie/OneDrive/Dokumente/Latex/Maschine_Learning/Maschine_Learning/Ferdi/Ferdi.tex:117: LaTeX Error: Environment figure undefined.

See the LaTeX manual or LaTeX Companion for explanation.
Type  H <return>  for immediate help.
 ...                                              
                                                  
l.117 \begin{figure}
                    [h]
Your command was ignored.
Type  I <command> <return>  to replace it with another command,
or  <return>  to continue without it.

c:/Users/kkwie/OneDrive/Dokumente/Latex/Maschine_Learning/Maschine_Learning/Ferdi/Ferdi.tex:119: Undefined control sequence.
l.119     \includegraphics
                          [width=1\textwidth]{model2_gen1_ferdi.png}
The control sequence at the end of the top line
of your error message was never \def'ed. If you have
misspelled it (e.g., `\hobx'), type `I' and the correct
spelling (e.g., `I\hbox'). Otherwise just continue,
and I'll forget about whatever was undefined.

c:/Users/kkwie/OneDrive/Dokumente/Latex/Maschine_Learning/Maschine_Learning/Ferdi/Ferdi.tex:119: Missing number, treated as zero.
<to be read again> 
                   ]
l.119     \includegraphics[width=1\textwidth]
                                             {model2_gen1_ferdi.png}
A number should have been here; I inserted `0'.
(If you can't figure out why I needed to see a number,
look up `weird error' in the index to The TeXbook.)

c:/Users/kkwie/OneDrive/Dokumente/Latex/Maschine_Learning/Maschine_Learning/Ferdi/Ferdi.tex:119: Illegal unit of measure (pt inserted).
<to be read again> 
                   ]
l.119     \includegraphics[width=1\textwidth]
                                             {model2_gen1_ferdi.png}
Dimensions can be in units of em, ex, in, pt, pc,
cm, mm, dd, cc, nd, nc, bp, or sp; but yours is a new one!
I'll assume that you meant to say pt, for printer's points.
To recover gracefully from this error, it's best to
delete the erroneous units; e.g., type `2' to delete
two letters. (See Chapter 27 of The TeXbook.)

c:/Users/kkwie/OneDrive/Dokumente/Latex/Maschine_Learning/Maschine_Learning/Ferdi/Ferdi.tex:119: Missing $ inserted.
<inserted text> 
                $
l.119 ...ncludegraphics[width=1\textwidth]{model2_
                                                  gen1_ferdi.png}
I've inserted a begin-math/end-math symbol since I think
you left one out. Proceed, with fingers crossed.

c:/Users/kkwie/OneDrive/Dokumente/Latex/Maschine_Learning/Maschine_Learning/Ferdi/Ferdi.tex:119: Extra }, or forgotten $.
l.119 ...width=1\textwidth]{model2_gen1_ferdi.png}
                                                  
I've deleted a group-closing symbol because it seems to be
spurious, as in `$x}$'. But perhaps the } is legitimate and
you forgot something else, as in `\hbox{$x}'. In such cases
the way to recover is to insert both the forgotten and the
deleted material, e.g., by typing `I$}'.


c:/Users/kkwie/OneDrive/Dokumente/Latex/Maschine_Learning/Maschine_Learning/Ferdi/Ferdi.tex:120: LaTeX Error: \caption outside float.

See the LaTeX manual or LaTeX Companion for explanation.
Type  H <return>  for immediate help.
 ...                                              
                                                  
l.120     \caption
                  {Generiertes Musikstück mit $\text{temp}=1.2$, die ersten...
You're in trouble here.  Try typing  <return>  to proceed.
If that doesn't work, type  X <return>  to quit.


LaTeX Warning: Command \" invalid in math mode on input line 120.

c:/Users/kkwie/OneDrive/Dokumente/Latex/Maschine_Learning/Maschine_Learning/Ferdi/Ferdi.tex:120: Please use \mathaccent for accents in math mode.
\add@accent ... \let \ignorespaces \relax \accent 
                                                  #1 #2\egroup \ifmmode \els...
l.120     \caption{Generiertes Musikstü
                                        ck mit $\text{temp}=1.2$, die ersten...
I'm changing \accent to \mathaccent here; wish me luck.
(Accents are not the same in formulas as they are in text.)

c:/Users/kkwie/OneDrive/Dokumente/Latex/Maschine_Learning/Maschine_Learning/Ferdi/Ferdi.tex:120: Missing } inserted.
<inserted text> 
                }
l.120     \caption{Generiertes Musikstück mit $
                                                \text{temp}=1.2$, die ersten...
I've inserted something that you may have forgotten.
(See the <inserted text> above.)
With luck, this will get me unwedged. But if you
really didn't forget anything, try typing `2' now; then
my insertion and my current dilemma will both disappear.

c:/Users/kkwie/OneDrive/Dokumente/Latex/Maschine_Learning/Maschine_Learning/Ferdi/Ferdi.tex:120: Undefined control sequence.
l.120 ...aption{Generiertes Musikstück mit $\text
                                                  {temp}=1.2$, die ersten be...
The control sequence at the end of the top line
of your error message was never \def'ed. If you have
misspelled it (e.g., `\hobx'), type `I' and the correct
spelling (e.g., `I\hbox'). Otherwise just continue,
and I'll forget about whatever was undefined.

c:/Users/kkwie/OneDrive/Dokumente/Latex/Maschine_Learning/Maschine_Learning/Ferdi/Ferdi.tex:120: Extra }, or forgotten $.
l.120 ... beiden Takte sind wieder vorgegeben (C)}
                                                  
I've deleted a group-closing symbol because it seems to be
spurious, as in `$x}$'. But perhaps the } is legitimate and
you forgot something else, as in `\hbox{$x}'. In such cases
the way to recover is to insert both the forgotten and the
deleted material, e.g., by typing `I$}'.


c:/Users/kkwie/OneDrive/Dokumente/Latex/Maschine_Learning/Maschine_Learning/Ferdi/Ferdi.tex:122: LaTeX Error: \begin{document} ended by \end{figure}.

See the LaTeX manual or LaTeX Companion for explanation.
Type  H <return>  for immediate help.
 ...                                              
                                                  
l.122 \end{figure}
                  
Your command was ignored.
Type  I <command> <return>  to replace it with another command,
or  <return>  to continue without it.

c:/Users/kkwie/OneDrive/Dokumente/Latex/Maschine_Learning/Maschine_Learning/Ferdi/Ferdi.tex:122: Missing $ inserted.
<inserted text> 
                $
l.122 \end{figure}
                  
I've inserted something that you may have forgotten.
(See the <inserted text> above.)
With luck, this will get me unwedged. But if you
really didn't forget anything, try typing `2' now; then
my insertion and my current dilemma will both disappear.

c:/Users/kkwie/OneDrive/Dokumente/Latex/Maschine_Learning/Maschine_Learning/Ferdi/Ferdi.tex:122: Missing } inserted.
<inserted text> 
                }
l.122 \end{figure}
                  
I've inserted something that you may have forgotten.
(See the <inserted text> above.)
With luck, this will get me unwedged. But if you
really didn't forget anything, try typing `2' now; then
my insertion and my current dilemma will both disappear.


Overfull \hbox (31.11115pt too wide) in paragraph at lines 117--123
[]\/cmr/m/n/10 [h]
 []


Overfull \hbox (518.96046pt too wide) in paragraph at lines 117--123
\/cmr/m/n/10 [width=1]model2$[]\OML/cmm/m/it/10 en\/cmr/m/n/10 1[]\OML/cmm/m/it/10 erdi:png[]$\/cmr/m/n/10 temp=1.2$\OML/cmm/m/it/10 ; dieerstenbeidenTaktesindwiedervorgegeben\/cmr/m/n/10 (\OML/cmm/m/it/10 C\/cmr/m/n/10 )[]$ 
 []


c:/Users/kkwie/OneDrive/Dokumente/Latex/Maschine_Learning/Maschine_Learning/Ferdi/Ferdi.tex:124: LaTeX Error: Environment figure undefined.

See the LaTeX manual or LaTeX Companion for explanation.
Type  H <return>  for immediate help.
 ...                                              
                                                  
l.124 \begin{figure}
                    [h!]
Your command was ignored.
Type  I <command> <return>  to replace it with another command,
or  <return>  to continue without it.

c:/Users/kkwie/OneDrive/Dokumente/Latex/Maschine_Learning/Maschine_Learning/Ferdi/Ferdi.tex:126: Undefined control sequence.
l.126     \includegraphics
                          [width=1\textwidth]{model2_gen2_ferdi.png}
The control sequence at the end of the top line
of your error message was never \def'ed. If you have
misspelled it (e.g., `\hobx'), type `I' and the correct
spelling (e.g., `I\hbox'). Otherwise just continue,
and I'll forget about whatever was undefined.

c:/Users/kkwie/OneDrive/Dokumente/Latex/Maschine_Learning/Maschine_Learning/Ferdi/Ferdi.tex:126: Missing number, treated as zero.
<to be read again> 
                   ]
l.126     \includegraphics[width=1\textwidth]
                                             {model2_gen2_ferdi.png}
A number should have been here; I inserted `0'.
(If you can't figure out why I needed to see a number,
look up `weird error' in the index to The TeXbook.)

c:/Users/kkwie/OneDrive/Dokumente/Latex/Maschine_Learning/Maschine_Learning/Ferdi/Ferdi.tex:126: Illegal unit of measure (pt inserted).
<to be read again> 
                   ]
l.126     \includegraphics[width=1\textwidth]
                                             {model2_gen2_ferdi.png}
Dimensions can be in units of em, ex, in, pt, pc,
cm, mm, dd, cc, nd, nc, bp, or sp; but yours is a new one!
I'll assume that you meant to say pt, for printer's points.
To recover gracefully from this error, it's best to
delete the erroneous units; e.g., type `2' to delete
two letters. (See Chapter 27 of The TeXbook.)

c:/Users/kkwie/OneDrive/Dokumente/Latex/Maschine_Learning/Maschine_Learning/Ferdi/Ferdi.tex:126: Missing $ inserted.
<inserted text> 
                $
l.126 ...ncludegraphics[width=1\textwidth]{model2_
                                                  gen2_ferdi.png}
I've inserted a begin-math/end-math symbol since I think
you left one out. Proceed, with fingers crossed.

c:/Users/kkwie/OneDrive/Dokumente/Latex/Maschine_Learning/Maschine_Learning/Ferdi/Ferdi.tex:126: Extra }, or forgotten $.
l.126 ...width=1\textwidth]{model2_gen2_ferdi.png}
                                                  
I've deleted a group-closing symbol because it seems to be
spurious, as in `$x}$'. But perhaps the } is legitimate and
you forgot something else, as in `\hbox{$x}'. In such cases
the way to recover is to insert both the forgotten and the
deleted material, e.g., by typing `I$}'.


c:/Users/kkwie/OneDrive/Dokumente/Latex/Maschine_Learning/Maschine_Learning/Ferdi/Ferdi.tex:127: LaTeX Error: \caption outside float.

See the LaTeX manual or LaTeX Companion for explanation.
Type  H <return>  for immediate help.
 ...                                              
                                                  
l.127     \caption
                  {Generiertes Musikstück mit $\text{temp}=1$, wir geben wi...
You're in trouble here.  Try typing  <return>  to proceed.
If that doesn't work, type  X <return>  to quit.


LaTeX Warning: Command \" invalid in math mode on input line 127.

c:/Users/kkwie/OneDrive/Dokumente/Latex/Maschine_Learning/Maschine_Learning/Ferdi/Ferdi.tex:127: Please use \mathaccent for accents in math mode.
\add@accent ... \let \ignorespaces \relax \accent 
                                                  #1 #2\egroup \ifmmode \els...
l.127     \caption{Generiertes Musikstü
                                        ck mit $\text{temp}=1$, wir geben wi...
I'm changing \accent to \mathaccent here; wish me luck.
(Accents are not the same in formulas as they are in text.)

c:/Users/kkwie/OneDrive/Dokumente/Latex/Maschine_Learning/Maschine_Learning/Ferdi/Ferdi.tex:127: Missing } inserted.
<inserted text> 
                }
l.127     \caption{Generiertes Musikstück mit $
                                                \text{temp}=1$, wir geben wi...
I've inserted something that you may have forgotten.
(See the <inserted text> above.)
With luck, this will get me unwedged. But if you
really didn't forget anything, try typing `2' now; then
my insertion and my current dilemma will both disappear.

c:/Users/kkwie/OneDrive/Dokumente/Latex/Maschine_Learning/Maschine_Learning/Ferdi/Ferdi.tex:127: Undefined control sequence.
l.127 ...aption{Generiertes Musikstück mit $\text
                                                  {temp}=1$, wir geben wiede...
The control sequence at the end of the top line
of your error message was never \def'ed. If you have
misspelled it (e.g., `\hobx'), type `I' and the correct
spelling (e.g., `I\hbox'). Otherwise just continue,
and I'll forget about whatever was undefined.

c:/Users/kkwie/OneDrive/Dokumente/Latex/Maschine_Learning/Maschine_Learning/Ferdi/Ferdi.tex:127: Extra }, or forgotten $.
l.127 ...1$, wir geben wieder keine Noten vor (D)}
                                                  
I've deleted a group-closing symbol because it seems to be
spurious, as in `$x}$'. But perhaps the } is legitimate and
you forgot something else, as in `\hbox{$x}'. In such cases
the way to recover is to insert both the forgotten and the
deleted material, e.g., by typing `I$}'.


c:/Users/kkwie/OneDrive/Dokumente/Latex/Maschine_Learning/Maschine_Learning/Ferdi/Ferdi.tex:129: LaTeX Error: \begin{document} ended by \end{figure}.

See the LaTeX manual or LaTeX Companion for explanation.
Type  H <return>  for immediate help.
 ...                                              
                                                  
l.129 \end{figure}
                  
Your command was ignored.
Type  I <command> <return>  to replace it with another command,
or  <return>  to continue without it.

c:/Users/kkwie/OneDrive/Dokumente/Latex/Maschine_Learning/Maschine_Learning/Ferdi/Ferdi.tex:129: Missing $ inserted.
<inserted text> 
                $
l.129 \end{figure}
                  
I've inserted something that you may have forgotten.
(See the <inserted text> above.)
With luck, this will get me unwedged. But if you
really didn't forget anything, try typing `2' now; then
my insertion and my current dilemma will both disappear.

c:/Users/kkwie/OneDrive/Dokumente/Latex/Maschine_Learning/Maschine_Learning/Ferdi/Ferdi.tex:129: Missing } inserted.
<inserted text> 
                }
l.129 \end{figure}
                  
I've inserted something that you may have forgotten.
(See the <inserted text> above.)
With luck, this will get me unwedged. But if you
really didn't forget anything, try typing `2' now; then
my insertion and my current dilemma will both disappear.


Overfull \hbox (33.88893pt too wide) in paragraph at lines 124--130
[]\/cmr/m/n/10 [h!]
 []


Overfull \hbox (454.66566pt too wide) in paragraph at lines 124--130
\/cmr/m/n/10 [width=1]model2$[]\OML/cmm/m/it/10 en\/cmr/m/n/10 2[]\OML/cmm/m/it/10 erdi:png[]$\/cmr/m/n/10 temp=1$\OML/cmm/m/it/10 ; wirgebenwiederkeineNotenvor\/cmr/m/n/10 (\OML/cmm/m/it/10 D\/cmr/m/n/10 )[]$ 
 []

c:/Users/kkwie/OneDrive/Dokumente/Latex/Maschine_Learning/Maschine_Learning/Ferdi/Ferdi.tex:132: Undefined control sequence.
l.132 ...n also auch unseren Transformer (\autoref
                                                  {fig:ferdi:model1_tf}) mit
The control sequence at the end of the top line
of your error message was never \def'ed. If you have
misspelled it (e.g., `\hobx'), type `I' and the correct
spelling (e.g., `I\hbox'). Otherwise just continue,
and I'll forget about whatever was undefined.

c:/Users/kkwie/OneDrive/Dokumente/Latex/Maschine_Learning/Maschine_Learning/Ferdi/Ferdi.tex:132: Missing $ inserted.
<inserted text> 
                $
l.132 ...n Transformer (\autoref{fig:ferdi:model1_
                                                  tf}) mit
I've inserted a begin-math/end-math symbol since I think
you left one out. Proceed, with fingers crossed.

c:/Users/kkwie/OneDrive/Dokumente/Latex/Maschine_Learning/Maschine_Learning/Ferdi/Ferdi.tex:132: Extra }, or forgotten $.
l.132 ...ransformer (\autoref{fig:ferdi:model1_tf}
                                                  ) mit
I've deleted a group-closing symbol because it seems to be
spurious, as in `$x}$'. But perhaps the } is legitimate and
you forgot something else, as in `\hbox{$x}'. In such cases
the way to recover is to insert both the forgotten and the
deleted material, e.g., by typing `I$}'.

c:/Users/kkwie/OneDrive/Dokumente/Latex/Maschine_Learning/Maschine_Learning/Ferdi/Ferdi.tex:133: Missing $ inserted.
<inserted text> 
                $
l.133 diesen, wobei wir $w_
                           1 = 0.01$, $w_2 = 0.1$ und $w_3 = 1$ wählen. \\
I've inserted a begin-math/end-math symbol since I think
you left one out. Proceed, with fingers crossed.

c:/Users/kkwie/OneDrive/Dokumente/Latex/Maschine_Learning/Maschine_Learning/Ferdi/Ferdi.tex:136: Undefined control sequence.
l.136 ...nerierten Stücke finden sich in \autoref
                                                  {fig:ferdi:model2_gen1_tf}...
The control sequence at the end of the top line
of your error message was never \def'ed. If you have
misspelled it (e.g., `\hobx'), type `I' and the correct
spelling (e.g., `I\hbox'). Otherwise just continue,
and I'll forget about whatever was undefined.

c:/Users/kkwie/OneDrive/Dokumente/Latex/Maschine_Learning/Maschine_Learning/Ferdi/Ferdi.tex:136: Missing $ inserted.
<inserted text> 
                $
l.136 ...finden sich in \autoref{fig:ferdi:model2_
                                                  gen1_tf} und
I've inserted a begin-math/end-math symbol since I think
you left one out. Proceed, with fingers crossed.

c:/Users/kkwie/OneDrive/Dokumente/Latex/Maschine_Learning/Maschine_Learning/Ferdi/Ferdi.tex:136: Extra }, or forgotten $.
l.136 ...ich in \autoref{fig:ferdi:model2_gen1_tf}
                                                   und
I've deleted a group-closing symbol because it seems to be
spurious, as in `$x}$'. But perhaps the } is legitimate and
you forgot something else, as in `\hbox{$x}'. In such cases
the way to recover is to insert both the forgotten and the
deleted material, e.g., by typing `I$}'.

c:/Users/kkwie/OneDrive/Dokumente/Latex/Maschine_Learning/Maschine_Learning/Ferdi/Ferdi.tex:137: Undefined control sequence.
l.137 \autoref
              {fig:ferdi:model2_gen2_tf}. \\
The control sequence at the end of the top line
of your error message was never \def'ed. If you have
misspelled it (e.g., `\hobx'), type `I' and the correct
spelling (e.g., `I\hbox'). Otherwise just continue,
and I'll forget about whatever was undefined.


LaTeX Warning: Command \" invalid in math mode on input line 138.

c:/Users/kkwie/OneDrive/Dokumente/Latex/Maschine_Learning/Maschine_Learning/Ferdi/Ferdi.tex:138: Please use \mathaccent for accents in math mode.
\add@accent ... \let \ignorespaces \relax \accent 
                                                  #1 #2\egroup \ifmmode \els...
l.138 Aufgrund der hä
                      ufig vorkommenden Dissonanzen trainieren wir das Model...
I'm changing \accent to \mathaccent here; wish me luck.
(Accents are not the same in formulas as they are in text.)

c:/Users/kkwie/OneDrive/Dokumente/Latex/Maschine_Learning/Maschine_Learning/Ferdi/Ferdi.tex:138: Missing $ inserted.
<inserted text> 
                $
l.138 ...wir das Modell erneut, dieses mal mit $w_
                                                  1 = 0.01$, $w_2 = 1$ und
I've inserted a begin-math/end-math symbol since I think
you left one out. Proceed, with fingers crossed.

c:/Users/kkwie/OneDrive/Dokumente/Latex/Maschine_Learning/Maschine_Learning/Ferdi/Ferdi.tex:139: Undefined control sequence.
<recently read> \text 
                      
l.139 ...et jedliche Notensequenzen mit dem $\text
                                                  {EOS}$-Token nahezu sofort.
The control sequence at the end of the top line
of your error message was never \def'ed. If you have
misspelled it (e.g., `\hobx'), type `I' and the correct
spelling (e.g., `I\hbox'). Otherwise just continue,
and I'll forget about whatever was undefined.


Overfull \hbox (37.50003pt too wide) in paragraph at lines 131--140
[]\/cmr/m/n/10 Wie
 []


Overfull \hbox (20.83339pt too wide) in paragraph at lines 131--140
\/cmr/m/n/10 oben
 []


Overfull \hbox (21.16667pt too wide) in paragraph at lines 131--140
\/cmr/m/n/10 gese-
 []


Overfull \hbox (15.55559pt too wide) in paragraph at lines 131--140
\/cmr/m/n/10 hen
 []


Overfull \hbox (14.44449pt too wide) in paragraph at lines 131--140
\/cmr/m/n/10 hat
 []


Overfull \hbox (13.91669pt too wide) in paragraph at lines 131--140
\/cmr/m/n/10 der
 []


Overfull \hbox (56.80565pt too wide) in paragraph at lines 131--140
\/cmr/m/n/10 Transformer-
 []


Overfull \hbox (30.33339pt too wide) in paragraph at lines 131--140
\/cmr/m/n/10 Ansatz
 []


Overfull \hbox (23.61115pt too wide) in paragraph at lines 131--140
\/cmr/m/n/10 eben-
 []


Overfull \hbox (17.5556pt too wide) in paragraph at lines 131--140
\/cmr/m/n/10 falls
 []


Overfull \hbox (24.61116pt too wide) in paragraph at lines 131--140
\/cmr/m/n/10 Prob-
 []


Overfull \hbox (20.00003pt too wide) in paragraph at lines 131--140
\/cmr/m/n/10 leme
 []


Overfull \hbox (15.00005pt too wide) in paragraph at lines 131--140
\/cmr/m/n/10 mit
 []


Overfull \hbox (13.91669pt too wide) in paragraph at lines 131--140
\/cmr/m/n/10 der
 []


Overfull \hbox (35.58342pt too wide) in paragraph at lines 131--140
\/cmr/m/n/10 Akkord-
 []


Overfull \hbox (45.30566pt too wide) in paragraph at lines 131--140
\/cmr/m/n/10 Harmonie,
 []


Overfull \hbox (12.52782pt too wide) in paragraph at lines 131--140
\/cmr/m/n/10 f^^?ur
 []


Overfull \hbox (26.30559pt too wide) in paragraph at lines 131--140
\/cmr/m/n/10 RNNs
 []


Overfull \hbox (14.44449pt too wide) in paragraph at lines 131--140
\/cmr/m/n/10 hat
 []


Overfull \hbox (16.69447pt too wide) in paragraph at lines 131--140
\/cmr/m/n/10 hier
 []


Overfull \hbox (8.05559pt too wide) in paragraph at lines 131--140
\/cmr/m/n/10 ja
 []


Overfull \hbox (12.7778pt too wide) in paragraph at lines 131--140
\/cmr/m/n/10 die
 []


Overfull \hbox (46.16675pt too wide) in paragraph at lines 131--140
\/cmr/m/n/10 ver^^?anderte
 []


Overfull \hbox (22.47224pt too wide) in paragraph at lines 131--140
\/cmr/m/n/10 Loss-
 []


Overfull \hbox (39.30568pt too wide) in paragraph at lines 131--140
\/cmr/m/n/10 Funktion
 []


Overfull \hbox (38.6112pt too wide) in paragraph at lines 131--140
\/cmr/m/n/10 geholfen.
 []


Overfull \hbox (16.97226pt too wide) in paragraph at lines 131--140
\/cmr/m/n/10 Wir
 []


Overfull \hbox (42.27786pt too wide) in paragraph at lines 131--140
\/cmr/m/n/10 trainieren
 []


Overfull \hbox (16.72226pt too wide) in paragraph at lines 131--140
\/cmr/m/n/10 also
 []


Overfull \hbox (20.27782pt too wide) in paragraph at lines 131--140
\/cmr/m/n/10 auch
 []


Overfull \hbox (14.44447pt too wide) in paragraph at lines 131--140
\/cmr/m/n/10 un-
 []


Overfull \hbox (22.30557pt too wide) in paragraph at lines 131--140
\/cmr/m/n/10 seren
 []


Overfull \hbox (28.13892pt too wide) in paragraph at lines 131--140
\/cmr/m/n/10 Trans-
 []


Overfull \hbox (28.66673pt too wide) in paragraph at lines 131--140
\/cmr/m/n/10 former
 []


Overfull \hbox (196.04941pt too wide) in paragraph at lines 131--140
\/cmr/m/n/10 (fig:ferdi:model1$[]\OML/cmm/m/it/10 f\/cmr/m/n/10 )\OML/cmm/m/it/10 mitdiesen; wobeiwir$\/cmr/m/n/10 w$[] =
 []


Overfull \hbox (20.55562pt too wide) in paragraph at lines 131--140
\/cmr/m/n/10 0\OML/cmm/m/it/10 :\/cmr/m/n/10 01$,
 []


Overfull \hbox (22.2008pt too wide) in paragraph at lines 131--140
\OML/cmm/m/it/10 w[] \/cmr/m/n/10 =
 []


Overfull \hbox (12.77782pt too wide) in paragraph at lines 131--140
\/cmr/m/n/10 0\OML/cmm/m/it/10 :\/cmr/m/n/10 1$
 []


Overfull \hbox (16.66672pt too wide) in paragraph at lines 131--140
\/cmr/m/n/10 und
 []


Overfull \hbox (22.2008pt too wide) in paragraph at lines 131--140
\OML/cmm/m/it/10 w[] \/cmr/m/n/10 =
 []


Overfull \hbox (5.00002pt too wide) in paragraph at lines 131--140
\/cmr/m/n/10 1$
 []


Overfull \hbox (33.3334pt too wide) in paragraph at lines 131--140
\/cmr/m/n/10 w^^?ahlen. 
 []


Overfull \hbox (22.22226pt too wide) in paragraph at lines 131--140
\/cmr/m/n/10 Nach
 []


Overfull \hbox (10.00003pt too wide) in paragraph at lines 131--140
\/cmr/m/n/10 20
 []


Overfull \hbox (37.63898pt too wide) in paragraph at lines 131--140
\/cmr/m/n/10 Epochen
 []


Overfull \hbox (11.69444pt too wide) in paragraph at lines 131--140
\/cmr/m/n/10 er-
 []


Overfull \hbox (16.6667pt too wide) in paragraph at lines 131--140
\/cmr/m/n/10 hal-
 []


Overfull \hbox (13.88892pt too wide) in paragraph at lines 131--140
\/cmr/m/n/10 ten
 []


Overfull \hbox (13.91669pt too wide) in paragraph at lines 131--140
\/cmr/m/n/10 wir
 []


Overfull \hbox (14.50003pt too wide) in paragraph at lines 131--140
\/cmr/m/n/10 das
 []


Overfull \hbox (22.55559pt too wide) in paragraph at lines 131--140
\/cmr/m/n/10 beste
 []


Overfull \hbox (23.33339pt too wide) in paragraph at lines 131--140
\/cmr/m/n/10 Mod-
 []


Overfull \hbox (10.00002pt too wide) in paragraph at lines 131--140
\/cmr/m/n/10 ell
 []


Overfull \hbox (14.50003pt too wide) in paragraph at lines 131--140
\/cmr/m/n/10 aus
 []


Overfull \hbox (32.0834pt too wide) in paragraph at lines 131--140
\/cmr/m/n/10 Epoche
 []


Overfull \hbox (10.00003pt too wide) in paragraph at lines 131--140
\/cmr/m/n/10 19
 []


Overfull \hbox (15.00005pt too wide) in paragraph at lines 131--140
\/cmr/m/n/10 mit
 []


Overfull \hbox (15.83337pt too wide) in paragraph at lines 131--140
\/cmr/m/n/10 val-
 []


Overfull \hbox (13.8889pt too wide) in paragraph at lines 131--140
\/cmr/m/n/10 acc
 []


Overfull \hbox (15.5556pt too wide) in paragraph at lines 131--140
\/cmr/m/n/10 von
 []


Overfull \hbox (20.00002pt too wide) in paragraph at lines 131--140
\/cmr/m/n/10 etwa
 []


Overfull \hbox (18.33339pt too wide) in paragraph at lines 131--140
\/cmr/m/n/10 83%
 []


Overfull \hbox (16.66672pt too wide) in paragraph at lines 131--140
\/cmr/m/n/10 und
 []


Overfull \hbox (19.50002pt too wide) in paragraph at lines 131--140
\/cmr/m/n/10 test-
 []


Overfull \hbox (13.8889pt too wide) in paragraph at lines 131--140
\/cmr/m/n/10 acc
 []


Overfull \hbox (15.5556pt too wide) in paragraph at lines 131--140
\/cmr/m/n/10 von
 []


Overfull \hbox (20.00002pt too wide) in paragraph at lines 131--140
\/cmr/m/n/10 etwa
 []


Overfull \hbox (21.11118pt too wide) in paragraph at lines 131--140
\/cmr/m/n/10 82%,
 []


Overfull \hbox (15.5556pt too wide) in paragraph at lines 131--140
\/cmr/m/n/10 von
 []


Overfull \hbox (15.55559pt too wide) in paragraph at lines 131--140
\/cmr/m/n/10 den
 []


Overfull \hbox (26.69449pt too wide) in paragraph at lines 131--140
\/cmr/m/n/10 reinen
 []


Overfull \hbox (31.69449pt too wide) in paragraph at lines 131--140
\/cmr/m/n/10 Werten
 []


Overfull \hbox (10.61113pt too wide) in paragraph at lines 131--140
\/cmr/m/n/10 ist
 []


Overfull \hbox (16.72226pt too wide) in paragraph at lines 131--140
\/cmr/m/n/10 also
 []


Overfull \hbox (22.22226pt too wide) in paragraph at lines 131--140
\/cmr/m/n/10 keine
 []


Overfull \hbox (57.66675pt too wide) in paragraph at lines 131--140
\/cmr/m/n/10 Verbesserung
 []


Overfull \hbox (10.00002pt too wide) in paragraph at lines 131--140
\/cmr/m/n/10 zu
 []


Overfull \hbox (26.69447pt too wide) in paragraph at lines 131--140
\/cmr/m/n/10 erken-
 []


Overfull \hbox (18.33337pt too wide) in paragraph at lines 131--140
\/cmr/m/n/10 nen.
 []


Overfull \hbox (9.16669pt too wide) in paragraph at lines 131--140
\/cmr/m/n/10 In
 []


Overfull \hbox (13.91669pt too wide) in paragraph at lines 131--140
\/cmr/m/n/10 der
 []


Overfull \hbox (29.54169pt too wide) in paragraph at lines 131--140
\/cmr/m/n/10 Gener-
 []


Overfull \hbox (27.25006pt too wide) in paragraph at lines 131--140
\/cmr/m/n/10 ierung
 []


Overfull \hbox (19.55559pt too wide) in paragraph at lines 131--140
\/cmr/m/n/10 l^^?asst
 []


Overfull \hbox (16.44446pt too wide) in paragraph at lines 131--140
\/cmr/m/n/10 sich
 []


Overfull \hbox (22.86116pt too wide) in paragraph at lines 131--140
\/cmr/m/n/10 sogar
 []


Overfull \hbox (18.36113pt too wide) in paragraph at lines 131--140
\/cmr/m/n/10 eher
 []


Overfull \hbox (17.22224pt too wide) in paragraph at lines 131--140
\/cmr/m/n/10 eine
 []


Overfull \hbox (18.36111pt too wide) in paragraph at lines 131--140
\/cmr/m/n/10 Ver-
 []


Overfull \hbox (58.69452pt too wide) in paragraph at lines 131--140
\/cmr/m/n/10 schlechterung
 []


Overfull \hbox (26.69447pt too wide) in paragraph at lines 131--140
\/cmr/m/n/10 erken-
 []


Overfull \hbox (18.33337pt too wide) in paragraph at lines 131--140
\/cmr/m/n/10 nen,
 []


Overfull \hbox (11.11115pt too wide) in paragraph at lines 131--140
\/cmr/m/n/10 im
 []


Overfull \hbox (19.58336pt too wide) in paragraph at lines 131--140
\/cmr/m/n/10 Eye-
 []


Overfull \hbox (18.66667pt too wide) in paragraph at lines 131--140
\/cmr/m/n/10 Test
 []


Overfull \hbox (30.05559pt too wide) in paragraph at lines 131--140
\/cmr/m/n/10 scheint
 []


Overfull \hbox (21.16669pt too wide) in paragraph at lines 131--140
\/cmr/m/n/10 diese
 []


Overfull \hbox (11.66669pt too wide) in paragraph at lines 131--140
\/cmr/m/n/10 in-
 []


Overfull \hbox (16.16669pt too wide) in paragraph at lines 131--140
\/cmr/m/n/10 sta-
 []


Overfull \hbox (19.47226pt too wide) in paragraph at lines 131--140
\/cmr/m/n/10 biler
 []


Overfull \hbox (10.00002pt too wide) in paragraph at lines 131--140
\/cmr/m/n/10 zu
 []


Overfull \hbox (19.50003pt too wide) in paragraph at lines 131--140
\/cmr/m/n/10 sein,
 []


Overfull \hbox (12.7778pt too wide) in paragraph at lines 131--140
\/cmr/m/n/10 die
 []


Overfull \hbox (26.69447pt too wide) in paragraph at lines 131--140
\/cmr/m/n/10 gener-
 []


Overfull \hbox (25.02782pt too wide) in paragraph at lines 131--140
\/cmr/m/n/10 ierten
 []


Overfull \hbox (28.61116pt too wide) in paragraph at lines 131--140
\/cmr/m/n/10 St^^?ucke
 []


Overfull \hbox (26.66673pt too wide) in paragraph at lines 131--140
\/cmr/m/n/10 finden
 []


Overfull \hbox (16.44446pt too wide) in paragraph at lines 131--140
\/cmr/m/n/10 sich
 []


Overfull \hbox (8.33336pt too wide) in paragraph at lines 131--140
\/cmr/m/n/10 in
 []


Overfull \hbox (233.51736pt too wide) in paragraph at lines 131--140
\/cmr/m/n/10 fig:ferdi:model2$[]\OML/cmm/m/it/10 en\/cmr/m/n/10 1[]\OML/cmm/m/it/10 fund[]:[] 
 []


Overfull \hbox (446.52585pt too wide) in paragraph at lines 131--140
\OML/cmm/m/it/10 Aufgrundderh[]ufigvorkommendenDissonanzentrainierenwirdasModellerneut; diesesmalmit$\/cmr/m/n/10 w$[] =
 []


Overfull \hbox (20.55562pt too wide) in paragraph at lines 131--140
\/cmr/m/n/10 0\OML/cmm/m/it/10 :\/cmr/m/n/10 01$,
 []


Overfull \hbox (22.2008pt too wide) in paragraph at lines 131--140
\OML/cmm/m/it/10 w[] \/cmr/m/n/10 =
 []


Overfull \hbox (5.00002pt too wide) in paragraph at lines 131--140
\/cmr/m/n/10 1$
 []


Overfull \hbox (16.66672pt too wide) in paragraph at lines 131--140
\/cmr/m/n/10 und
 []


Overfull \hbox (22.2008pt too wide) in paragraph at lines 131--140
\OML/cmm/m/it/10 w[] \/cmr/m/n/10 =
 []


Overfull \hbox (12.77782pt too wide) in paragraph at lines 131--140
\/cmr/m/n/10 10$.
 []


Overfull \hbox (16.58336pt too wide) in paragraph at lines 131--140
\/cmr/m/n/10 Das
 []


Overfull \hbox (29.0556pt too wide) in paragraph at lines 131--140
\/cmr/m/n/10 Ergeb-
 []


Overfull \hbox (12.2778pt too wide) in paragraph at lines 131--140
\/cmr/m/n/10 nis
 []


Overfull \hbox (10.61113pt too wide) in paragraph at lines 131--140
\/cmr/m/n/10 ist
 []


Overfull \hbox (20.5556pt too wide) in paragraph at lines 131--140
\/cmr/m/n/10 noch
 []


Overfull \hbox (59.50009pt too wide) in paragraph at lines 131--140
\/cmr/m/n/10 ern^^?uchtender,
 []


Overfull \hbox (14.50003pt too wide) in paragraph at lines 131--140
\/cmr/m/n/10 das
 []


Overfull \hbox (23.33339pt too wide) in paragraph at lines 131--140
\/cmr/m/n/10 Mod-
 []


Overfull \hbox (10.00002pt too wide) in paragraph at lines 131--140
\/cmr/m/n/10 ell
 []


Overfull \hbox (23.61115pt too wide) in paragraph at lines 131--140
\/cmr/m/n/10 been-
 []


Overfull \hbox (13.88892pt too wide) in paragraph at lines 131--140
\/cmr/m/n/10 det
 []


Overfull \hbox (32.77783pt too wide) in paragraph at lines 131--140
\/cmr/m/n/10 jedliche
 []


Overfull \hbox (38.11116pt too wide) in paragraph at lines 131--140
\/cmr/m/n/10 Notense-
 []


Overfull \hbox (24.1667pt too wide) in paragraph at lines 131--140
\/cmr/m/n/10 quen-
 []


Overfull \hbox (14.44446pt too wide) in paragraph at lines 131--140
\/cmr/m/n/10 zen
 []


Overfull \hbox (15.00005pt too wide) in paragraph at lines 131--140
\/cmr/m/n/10 mit
 []


Overfull \hbox (18.33337pt too wide) in paragraph at lines 131--140
\/cmr/m/n/10 dem
 []


Overfull \hbox (25.9055pt too wide) in paragraph at lines 131--140
[]$\/cmr/m/n/10 -
 []


Overfull \hbox (26.38893pt too wide) in paragraph at lines 131--140
\/cmr/m/n/10 Token
 []


Overfull \hbox (13.88892pt too wide) in paragraph at lines 131--140
\/cmr/m/n/10 na-
 []


Overfull \hbox (20.00003pt too wide) in paragraph at lines 131--140
\/cmr/m/n/10 hezu
 []


Overfull \hbox (12.27779pt too wide) in paragraph at lines 131--140
\/cmr/m/n/10 so-
 []


Overfull \hbox (18.63895pt too wide) in paragraph at lines 131--140
\/cmr/m/n/10 fort. 
 []

c:/Users/kkwie/OneDrive/Dokumente/Latex/Maschine_Learning/Maschine_Learning/Ferdi/Ferdi.tex:141: Undefined control sequence.
l.141 \subsection
                 {Ein Versuch von Data-Augmentation}
The control sequence at the end of the top line
of your error message was never \def'ed. If you have
misspelled it (e.g., `\hobx'), type `I' and the correct
spelling (e.g., `I\hbox'). Otherwise just continue,
and I'll forget about whatever was undefined.

c:/Users/kkwie/OneDrive/Dokumente/Latex/Maschine_Learning/Maschine_Learning/Ferdi/Ferdi.tex:147: Undefined control sequence.
l.147 wieder etwas stabiler als in \autoref
                                           {chap:ferdi:loss_tf} (Zur Info: a...
The control sequence at the end of the top line
of your error message was never \def'ed. If you have
misspelled it (e.g., `\hobx'), type `I' and the correct
spelling (e.g., `I\hbox'). Otherwise just continue,
and I'll forget about whatever was undefined.

c:/Users/kkwie/OneDrive/Dokumente/Latex/Maschine_Learning/Maschine_Learning/Ferdi/Ferdi.tex:147: Missing $ inserted.
<inserted text> 
                $
l.147 ...stabiler als in \autoref{chap:ferdi:loss_
                                                  tf} (Zur Info: aufgrund de...
I've inserted a begin-math/end-math symbol since I think
you left one out. Proceed, with fingers crossed.

c:/Users/kkwie/OneDrive/Dokumente/Latex/Maschine_Learning/Maschine_Learning/Ferdi/Ferdi.tex:147: Extra }, or forgotten $.
l.147 ...biler als in \autoref{chap:ferdi:loss_tf}
                                                   (Zur Info: aufgrund der T...
I've deleted a group-closing symbol because it seems to be
spurious, as in `$x}$'. But perhaps the } is legitimate and
you forgot something else, as in `\hbox{$x}'. In such cases
the way to recover is to insert both the forgotten and the
deleted material, e.g., by typing `I$}'.


LaTeX Warning: Command \" invalid in math mode on input line 147.

c:/Users/kkwie/OneDrive/Dokumente/Latex/Maschine_Learning/Maschine_Learning/Ferdi/Ferdi.tex:147: Please use \mathaccent for accents in math mode.
\add@accent ... \let \ignorespaces \relax \accent 
                                                  #1 #2\egroup \ifmmode \els...
l.147 ...aufgrund der Trainingsdauer haben wir fü
                                                  r dieses Modell $\ell_{\te...
I'm changing \accent to \mathaccent here; wish me luck.
(Accents are not the same in formulas as they are in text.)

c:/Users/kkwie/OneDrive/Dokumente/Latex/Maschine_Learning/Maschine_Learning/Ferdi/Ferdi.tex:147: Missing $ inserted.
<inserted text> 
                $
l.147 ...sdauer haben wir für dieses Modell $\ell
                                                  _{\text{SEQ}} = 256$ gewä...
I've inserted a begin-math/end-math symbol since I think
you left one out. Proceed, with fingers crossed.

c:/Users/kkwie/OneDrive/Dokumente/Latex/Maschine_Learning/Maschine_Learning/Ferdi/Ferdi.tex:147: Undefined control sequence.
l.147 ...haben wir für dieses Modell $\ell_{\text
                                                  {SEQ}} = 256$ gewählt).
The control sequence at the end of the top line
of your error message was never \def'ed. If you have
misspelled it (e.g., `\hobx'), type `I' and the correct
spelling (e.g., `I\hbox'). Otherwise just continue,
and I'll forget about whatever was undefined.


Overfull \hbox (35.13893pt too wide) in paragraph at lines 141--148
[]\/cmr/m/n/10 Ein
 []


Overfull \hbox (18.36111pt too wide) in paragraph at lines 141--148
\/cmr/m/n/10 Ver-
 []


Overfull \hbox (19.22224pt too wide) in paragraph at lines 141--148
\/cmr/m/n/10 such
 []


Overfull \hbox (15.5556pt too wide) in paragraph at lines 141--148
\/cmr/m/n/10 von
 []


Overfull \hbox (24.86116pt too wide) in paragraph at lines 141--148
\/cmr/m/n/10 Data-
 []


Overfull \hbox (62.22238pt too wide) in paragraph at lines 141--148
\/cmr/m/n/10 Augmentation
 []


Overfull \hbox (25.36115pt too wide) in paragraph at lines 141--148
\/cmr/m/n/10 Unser
 []


Overfull \hbox (44.25008pt too wide) in paragraph at lines 141--148
\/cmr/m/n/10 Trainings-
 []


Overfull \hbox (31.75008pt too wide) in paragraph at lines 141--148
\/cmr/m/n/10 Korpus
 []


Overfull \hbox (10.61113pt too wide) in paragraph at lines 141--148
\/cmr/m/n/10 ist
 []


Overfull \hbox (15.00005pt too wide) in paragraph at lines 141--148
\/cmr/m/n/10 mit
 []


Overfull \hbox (15.00005pt too wide) in paragraph at lines 141--148
\/cmr/m/n/10 220
 []


Overfull \hbox (15.00005pt too wide) in paragraph at lines 141--148
\/cmr/m/n/10 000
 []


Overfull \hbox (14.72223pt too wide) in paragraph at lines 141--148
\/cmr/m/n/10 To-
 []


Overfull \hbox (18.94447pt too wide) in paragraph at lines 141--148
\/cmr/m/n/10 kens
 []


Overfull \hbox (13.88892pt too wide) in paragraph at lines 141--148
\/cmr/m/n/10 na-
 []


Overfull \hbox (20.00003pt too wide) in paragraph at lines 141--148
\/cmr/m/n/10 hezu
 []


Overfull \hbox (27.77783pt too wide) in paragraph at lines 141--148
\/cmr/m/n/10 winzig
 []


Overfull \hbox (11.11115pt too wide) in paragraph at lines 141--148
\/cmr/m/n/10 im
 []


Overfull \hbox (18.36111pt too wide) in paragraph at lines 141--148
\/cmr/m/n/10 Ver-
 []


Overfull \hbox (15.55557pt too wide) in paragraph at lines 141--148
\/cmr/m/n/10 gle-
 []


Overfull \hbox (12.50002pt too wide) in paragraph at lines 141--148
\/cmr/m/n/10 ich
 []


Overfull \hbox (13.91669pt too wide) in paragraph at lines 141--148
\/cmr/m/n/10 zur
 []


Overfull \hbox (25.5556pt too wide) in paragraph at lines 141--148
\/cmr/m/n/10 heuti-
 []


Overfull \hbox (15.00003pt too wide) in paragraph at lines 141--148
\/cmr/m/n/10 gen
 []


Overfull \hbox (28.61116pt too wide) in paragraph at lines 141--148
\/cmr/m/n/10 Menge
 []


Overfull \hbox (15.5556pt too wide) in paragraph at lines 141--148
\/cmr/m/n/10 von
 []


Overfull \hbox (26.97226pt too wide) in paragraph at lines 141--148
\/cmr/m/n/10 Train-
 []


Overfull \hbox (20.61115pt too wide) in paragraph at lines 141--148
\/cmr/m/n/10 ings-
 []


Overfull \hbox (24.4445pt too wide) in paragraph at lines 141--148
\/cmr/m/n/10 daten
 []


Overfull \hbox (12.52782pt too wide) in paragraph at lines 141--148
\/cmr/m/n/10 f^^?ur
 []


Overfull \hbox (56.80565pt too wide) in paragraph at lines 141--148
\/cmr/m/n/10 Transformer-
 []


Overfull \hbox (37.2223pt too wide) in paragraph at lines 141--148
\/cmr/m/n/10 Modelle.
 []


Overfull \hbox (28.05559pt too wide) in paragraph at lines 141--148
\/cmr/m/n/10 Vielle-
 []


Overfull \hbox (16.11113pt too wide) in paragraph at lines 141--148
\/cmr/m/n/10 icht
 []


Overfull \hbox (25.83339pt too wide) in paragraph at lines 141--148
\/cmr/m/n/10 helfen
 []


Overfull \hbox (20.27782pt too wide) in paragraph at lines 141--148
\/cmr/m/n/10 auch
 []


Overfull \hbox (8.33336pt too wide) in paragraph at lines 141--148
\/cmr/m/n/10 in
 []


Overfull \hbox (14.44447pt too wide) in paragraph at lines 141--148
\/cmr/m/n/10 un-
 []


Overfull \hbox (25.08336pt too wide) in paragraph at lines 141--148
\/cmr/m/n/10 serem
 []


Overfull \hbox (16.25005pt too wide) in paragraph at lines 141--148
\/cmr/m/n/10 Fall
 []


Overfull \hbox (22.25005pt too wide) in paragraph at lines 141--148
\/cmr/m/n/10 mehr
 []


Overfull \hbox (29.30562pt too wide) in paragraph at lines 141--148
\/cmr/m/n/10 Daten. 
 []


Overfull \hbox (16.58336pt too wide) in paragraph at lines 141--148
\/cmr/m/n/10 Das
 []


Overfull \hbox (21.38893pt too wide) in paragraph at lines 141--148
\/cmr/m/n/10 Aug-
 []


Overfull \hbox (25.27782pt too wide) in paragraph at lines 141--148
\/cmr/m/n/10 ment-
 []


Overfull \hbox (13.33337pt too wide) in paragraph at lines 141--148
\/cmr/m/n/10 ing
 []


Overfull \hbox (22.77785pt too wide) in paragraph at lines 141--148
\/cmr/m/n/10 funk-
 []


Overfull \hbox (20.5556pt too wide) in paragraph at lines 141--148
\/cmr/m/n/10 tion-
 []


Overfull \hbox (15.0278pt too wide) in paragraph at lines 141--148
\/cmr/m/n/10 iert
 []


Overfull \hbox (20.00005pt too wide) in paragraph at lines 141--148
\/cmr/m/n/10 ganz
 []


Overfull \hbox (16.11113pt too wide) in paragraph at lines 141--148
\/cmr/m/n/10 ein-
 []


Overfull \hbox (20.5556pt too wide) in paragraph at lines 141--148
\/cmr/m/n/10 fach,
 []


Overfull \hbox (12.52782pt too wide) in paragraph at lines 141--148
\/cmr/m/n/10 f^^?ur
 []


Overfull \hbox (10.83334pt too wide) in paragraph at lines 141--148
\/cmr/m/n/10 je-
 []


Overfull \hbox (15.55559pt too wide) in paragraph at lines 141--148
\/cmr/m/n/10 den
 []


Overfull \hbox (29.47229pt too wide) in paragraph at lines 141--148
\/cmr/m/n/10 Choral
 []


Overfull \hbox (21.03201pt too wide) in paragraph at lines 141--148
\OML/cmm/m/it/10 C[] \/cmr/m/n/10 =
 []


Overfull \hbox (61.30208pt too wide) in paragraph at lines 141--148
\/cmr/m/n/10 [\OML/cmm/m/it/10 n[]; [] ; n[]\/cmr/m/n/10 ]$,
 []


Overfull \hbox (23.61118pt too wide) in paragraph at lines 141--148
\/cmr/m/n/10 f^^?ugen
 []


Overfull \hbox (13.91669pt too wide) in paragraph at lines 141--148
\/cmr/m/n/10 wir
 []


Overfull \hbox (20.27782pt too wide) in paragraph at lines 141--148
\/cmr/m/n/10 auch
 []


Overfull \hbox (18.2543pt too wide) in paragraph at lines 141--148
\OML/cmm/m/it/10 C[] \/cmr/m/n/10 +
 []


Overfull \hbox (14.16663pt too wide) in paragraph at lines 141--148
\OML/cmm/m/it/10 t \/cmr/m/n/10 =
 []


Overfull \hbox (26.24835pt too wide) in paragraph at lines 141--148
\/cmr/m/n/10 [\OML/cmm/m/it/10 n[] \/cmr/m/n/10 +
 []


Overfull \hbox (48.66487pt too wide) in paragraph at lines 141--148
\OML/cmm/m/it/10 t; [] ; n[] \/cmr/m/n/10 +
 []


Overfull \hbox (6.3889pt too wide) in paragraph at lines 141--148
\OML/cmm/m/it/10 t\/cmr/m/n/10 ]$
 []


Overfull \hbox (8.33336pt too wide) in paragraph at lines 141--148
\/cmr/m/n/10 in
 []


Overfull \hbox (14.44447pt too wide) in paragraph at lines 141--148
\/cmr/m/n/10 un-
 []


Overfull \hbox (22.30557pt too wide) in paragraph at lines 141--148
\/cmr/m/n/10 seren
 []


Overfull \hbox (29.86116pt too wide) in paragraph at lines 141--148
\/cmr/m/n/10 Daten-
 []


Overfull \hbox (18.05559pt too wide) in paragraph at lines 141--148
\/cmr/m/n/10 vek-
 []


Overfull \hbox (12.80559pt too wide) in paragraph at lines 141--148
\/cmr/m/n/10 tor
 []


Overfull \hbox (8.55695pt too wide) in paragraph at lines 141--148
\OML/cmm/m/it/10 D$
 []


Overfull \hbox (26.66673pt too wide) in paragraph at lines 141--148
\/cmr/m/n/10 hinzu;
 []


Overfull \hbox (13.91669pt too wide) in paragraph at lines 141--148
\/cmr/m/n/10 wir
 []


Overfull \hbox (16.69446pt too wide) in paragraph at lines 141--148
\/cmr/m/n/10 ver-
 []


Overfull \hbox (36.72227pt too wide) in paragraph at lines 141--148
\/cmr/m/n/10 schieben
 []


Overfull \hbox (12.7778pt too wide) in paragraph at lines 141--148
\/cmr/m/n/10 die
 []


Overfull \hbox (26.38895pt too wide) in paragraph at lines 141--148
\/cmr/m/n/10 Noten
 []


Overfull \hbox (16.11113pt too wide) in paragraph at lines 141--148
\/cmr/m/n/10 ein-
 []


Overfull \hbox (17.77782pt too wide) in paragraph at lines 141--148
\/cmr/m/n/10 fach
 []


Overfull \hbox (13.88893pt too wide) in paragraph at lines 141--148
\/cmr/m/n/10 um
 []


Overfull \hbox (3.61111pt too wide) in paragraph at lines 141--148
\OML/cmm/m/it/10 t$
 []


Overfull \hbox (38.6112pt too wide) in paragraph at lines 141--148
\/cmr/m/n/10 Halbton-
 []


Overfull \hbox (32.58337pt too wide) in paragraph at lines 141--148
\/cmr/m/n/10 schritte
 []


Overfull \hbox (20.27782pt too wide) in paragraph at lines 141--148
\/cmr/m/n/10 nach
 []


Overfull \hbox (20.83339pt too wide) in paragraph at lines 141--148
\/cmr/m/n/10 oben
 []


Overfull \hbox (19.19449pt too wide) in paragraph at lines 141--148
\/cmr/m/n/10 oder
 []


Overfull \hbox (14.44447pt too wide) in paragraph at lines 141--148
\/cmr/m/n/10 un-
 []


Overfull \hbox (16.6667pt too wide) in paragraph at lines 141--148
\/cmr/m/n/10 ten.
 []


Overfull \hbox (16.97226pt too wide) in paragraph at lines 141--148
\/cmr/m/n/10 Wir
 []


Overfull \hbox (29.16672pt too wide) in paragraph at lines 141--148
\/cmr/m/n/10 nutzen
 []


Overfull \hbox (14.16663pt too wide) in paragraph at lines 141--148
\OML/cmm/m/it/10 t \/cmr/m/n/10 =
 []


Overfull \hbox (77.22214pt too wide) in paragraph at lines 141--148
\OMS/cmsy/m/n/10 ^^@\/cmr/m/n/10 5\OML/cmm/m/it/10 ; \OMS/cmsy/m/n/10 ^^@\/cmr/m/n/10 4\OML/cmm/m/it/10 ; \OMS/cmsy/m/n/10 ^^@\/cmr/m/n/10 3\OML/cmm/m/it/10 ; [] ; \/cmr/m/n/10 6$. 
 []


Overfull \hbox (14.22224pt too wide) in paragraph at lines 141--148
\/cmr/m/n/10 Als
 []


Overfull \hbox (21.3889pt too wide) in paragraph at lines 141--148
\/cmr/m/n/10 weit-
 []


Overfull \hbox (18.36113pt too wide) in paragraph at lines 141--148
\/cmr/m/n/10 eren
 []


Overfull \hbox (21.1389pt too wide) in paragraph at lines 141--148
\/cmr/m/n/10 Wer-
 []


Overfull \hbox (20.83337pt too wide) in paragraph at lines 141--148
\/cmr/m/n/10 mut-
 []


Overfull \hbox (35.36119pt too wide) in paragraph at lines 141--148
\/cmr/m/n/10 stropfen
 []


Overfull \hbox (11.69444pt too wide) in paragraph at lines 141--148
\/cmr/m/n/10 er-
 []


Overfull \hbox (16.6667pt too wide) in paragraph at lines 141--148
\/cmr/m/n/10 hal-
 []


Overfull \hbox (13.88892pt too wide) in paragraph at lines 141--148
\/cmr/m/n/10 ten
 []


Overfull \hbox (13.91669pt too wide) in paragraph at lines 141--148
\/cmr/m/n/10 wir
 []


Overfull \hbox (20.27782pt too wide) in paragraph at lines 141--148
\/cmr/m/n/10 auch
 []


Overfull \hbox (15.00005pt too wide) in paragraph at lines 141--148
\/cmr/m/n/10 mit
 []


Overfull \hbox (21.52783pt too wide) in paragraph at lines 141--148
\/cmr/m/n/10 Data
 []


Overfull \hbox (21.38893pt too wide) in paragraph at lines 141--148
\/cmr/m/n/10 Aug-
 []


Overfull \hbox (21.6667pt too wide) in paragraph at lines 141--148
\/cmr/m/n/10 men-
 []


Overfull \hbox (12.22224pt too wide) in paragraph at lines 141--148
\/cmr/m/n/10 ta-
 []


Overfull \hbox (17.22227pt too wide) in paragraph at lines 141--148
\/cmr/m/n/10 tion
 []


Overfull \hbox (14.75003pt too wide) in paragraph at lines 141--148
\/cmr/m/n/10 nur
 []


Overfull \hbox (17.22224pt too wide) in paragraph at lines 141--148
\/cmr/m/n/10 eine
 []


Overfull \hbox (15.83337pt too wide) in paragraph at lines 141--148
\/cmr/m/n/10 val-
 []


Overfull \hbox (13.8889pt too wide) in paragraph at lines 141--148
\/cmr/m/n/10 acc
 []


Overfull \hbox (13.05559pt too wide) in paragraph at lines 141--148
\/cmr/m/n/10 bei
 []


Overfull \hbox (18.33339pt too wide) in paragraph at lines 141--148
\/cmr/m/n/10 84%
 []


Overfull \hbox (16.66672pt too wide) in paragraph at lines 141--148
\/cmr/m/n/10 und
 []


Overfull \hbox (17.22224pt too wide) in paragraph at lines 141--148
\/cmr/m/n/10 eine
 []


Overfull \hbox (19.50002pt too wide) in paragraph at lines 141--148
\/cmr/m/n/10 test-
 []


Overfull \hbox (13.8889pt too wide) in paragraph at lines 141--148
\/cmr/m/n/10 acc
 []


Overfull \hbox (13.05559pt too wide) in paragraph at lines 141--148
\/cmr/m/n/10 bei
 []


Overfull \hbox (21.11118pt too wide) in paragraph at lines 141--148
\/cmr/m/n/10 83%.
 []


Overfull \hbox (14.86113pt too wide) in paragraph at lines 141--148
\/cmr/m/n/10 Die
 []


Overfull \hbox (29.54169pt too wide) in paragraph at lines 141--148
\/cmr/m/n/10 Gener-
 []


Overfull \hbox (27.25006pt too wide) in paragraph at lines 141--148
\/cmr/m/n/10 ierung
 []


Overfull \hbox (20.27785pt too wide) in paragraph at lines 141--148
\/cmr/m/n/10 l^^?auft
 []


Overfull \hbox (27.8056pt too wide) in paragraph at lines 141--148
\/cmr/m/n/10 allerd-
 []


Overfull \hbox (17.27782pt too wide) in paragraph at lines 141--148
\/cmr/m/n/10 ings
 []


Overfull \hbox (28.36115pt too wide) in paragraph at lines 141--148
\/cmr/m/n/10 wieder
 []


Overfull \hbox (11.66667pt too wide) in paragraph at lines 141--148
\/cmr/m/n/10 et-
 []


Overfull \hbox (15.8889pt too wide) in paragraph at lines 141--148
\/cmr/m/n/10 was
 []


Overfull \hbox (16.16669pt too wide) in paragraph at lines 141--148
\/cmr/m/n/10 sta-
 []


Overfull \hbox (19.47226pt too wide) in paragraph at lines 141--148
\/cmr/m/n/10 biler
 []


Overfull \hbox (11.72224pt too wide) in paragraph at lines 141--148
\/cmr/m/n/10 als
 []


Overfull \hbox (8.33336pt too wide) in paragraph at lines 141--148
\/cmr/m/n/10 in
 []


Overfull \hbox (120.24562pt too wide) in paragraph at lines 141--148
\/cmr/m/n/10 chap:ferdi:loss$[]\OML/cmm/m/it/10 f\/cmr/m/n/10 (\OML/cmm/m/it/10 ZurInfo \/cmr/m/n/10 :
 []


Overfull \hbox (280.57664pt too wide) in paragraph at lines 141--148
\OML/cmm/m/it/10 aufgrundderTrainingsdauerhabenwirf[]rdiesesModell$$`[] \/cmr/m/n/10 =
 []


Overfull \hbox (15.00005pt too wide) in paragraph at lines 141--148
\/cmr/m/n/10 256$
 []


Overfull \hbox (40.55565pt too wide) in paragraph at lines 141--148
\/cmr/m/n/10 gew^^?ahlt). 
 []

c:/Users/kkwie/OneDrive/Dokumente/Latex/Maschine_Learning/Maschine_Learning/Ferdi/Ferdi.tex:149: Undefined control sequence.
l.149 \subsection
                 {Benchmarking}\label{chap:ferdi:benchmark_tf}
The control sequence at the end of the top line
of your error message was never \def'ed. If you have
misspelled it (e.g., `\hobx'), type `I' and the correct
spelling (e.g., `I\hbox'). Otherwise just continue,
and I'll forget about whatever was undefined.

c:/Users/kkwie/OneDrive/Dokumente/Latex/Maschine_Learning/Maschine_Learning/Ferdi/Ferdi.tex:151: Undefined control sequence.
l.151 ...rung als Klassifikationsproblem, \autoref
                                                  {fig:ferdi:model1_conf_mat...
The control sequence at the end of the top line
of your error message was never \def'ed. If you have
misspelled it (e.g., `\hobx'), type `I' and the correct
spelling (e.g., `I\hbox'). Otherwise just continue,
and I'll forget about whatever was undefined.

c:/Users/kkwie/OneDrive/Dokumente/Latex/Maschine_Learning/Maschine_Learning/Ferdi/Ferdi.tex:151: Missing $ inserted.
<inserted text> 
                $
l.151 ...ationsproblem, \autoref{fig:ferdi:model1_
                                                  conf_mat} zeigt die zugeh�...
I've inserted a begin-math/end-math symbol since I think
you left one out. Proceed, with fingers crossed.

c:/Users/kkwie/OneDrive/Dokumente/Latex/Maschine_Learning/Maschine_Learning/Ferdi/Ferdi.tex:151: Extra }, or forgotten $.
l.151 ...blem, \autoref{fig:ferdi:model1_conf_mat}
                                                   zeigt die zugehörige
I've deleted a group-closing symbol because it seems to be
spurious, as in `$x}$'. But perhaps the } is legitimate and
you forgot something else, as in `\hbox{$x}'. In such cases
the way to recover is to insert both the forgotten and the
deleted material, e.g., by typing `I$}'.


LaTeX Warning: Command \" invalid in math mode on input line 151.

c:/Users/kkwie/OneDrive/Dokumente/Latex/Maschine_Learning/Maschine_Learning/Ferdi/Ferdi.tex:151: Please use \mathaccent for accents in math mode.
\add@accent ... \let \ignorespaces \relax \accent 
                                                  #1 #2\egroup \ifmmode \els...
l.151 ...:ferdi:model1_conf_mat} zeigt die zugehö
                                                  rige
I'm changing \accent to \mathaccent here; wish me luck.
(Accents are not the same in formulas as they are in text.)

c:/Users/kkwie/OneDrive/Dokumente/Latex/Maschine_Learning/Maschine_Learning/Ferdi/Ferdi.tex:153: Missing $ inserted.
<inserted text> 
                $
l.153 
      
I've inserted a begin-math/end-math symbol since I think
you left one out. Proceed, with fingers crossed.


Overfull \hbox (82.66682pt too wide) in paragraph at lines 149--153
[]\/cmr/m/n/10 Benchmarking[]
 []


Overfull \hbox (16.38892pt too wide) in paragraph at lines 149--153
\/cmr/m/n/10 Ab-
 []


Overfull \hbox (44.22229pt too wide) in paragraph at lines 149--153
\/cmr/m/n/10 schlie^^Yend
 []


Overfull \hbox (27.50005pt too wide) in paragraph at lines 149--153
\/cmr/m/n/10 wollen
 []


Overfull \hbox (13.91669pt too wide) in paragraph at lines 149--153
\/cmr/m/n/10 wir
 []


Overfull \hbox (15.00005pt too wide) in paragraph at lines 149--153
\/cmr/m/n/10 mit
 []


Overfull \hbox (18.33337pt too wide) in paragraph at lines 149--153
\/cmr/m/n/10 dem
 []


Overfull \hbox (11.69444pt too wide) in paragraph at lines 149--153
\/cmr/m/n/10 er-
 []


Overfull \hbox (17.83336pt too wide) in paragraph at lines 149--153
\/cmr/m/n/10 sten
 []


Overfull \hbox (23.33339pt too wide) in paragraph at lines 149--153
\/cmr/m/n/10 Mod-
 []


Overfull \hbox (10.00002pt too wide) in paragraph at lines 149--153
\/cmr/m/n/10 ell
 []


Overfull \hbox (20.5556pt too wide) in paragraph at lines 149--153
\/cmr/m/n/10 noch
 []


Overfull \hbox (12.7778pt too wide) in paragraph at lines 149--153
\/cmr/m/n/10 ein
 []


Overfull \hbox (19.47227pt too wide) in paragraph at lines 149--153
\/cmr/m/n/10 paar
 []


Overfull \hbox (35.13895pt too wide) in paragraph at lines 149--153
\/cmr/m/n/10 "Bench-
 []


Overfull \hbox (31.4723pt too wide) in paragraph at lines 149--153
\/cmr/m/n/10 marks"
 []


Overfull \hbox (13.61116pt too wide) in paragraph at lines 149--153
\/cmr/m/n/10 auf
 []


Overfull \hbox (18.33337pt too wide) in paragraph at lines 149--153
\/cmr/m/n/10 dem
 []


Overfull \hbox (22.0pt too wide) in paragraph at lines 149--153
\/cmr/m/n/10 Test-
 []


Overfull \hbox (13.88892pt too wide) in paragraph at lines 149--153
\/cmr/m/n/10 Set
 []


Overfull \hbox (55.61124pt too wide) in paragraph at lines 149--153
\/cmr/m/n/10 durchf^^?uhren. 
 []


Overfull \hbox (39.77785pt too wide) in paragraph at lines 149--153
\/cmr/m/n/10 Zun^^?achst
 []


Overfull \hbox (13.61113pt too wide) in paragraph at lines 149--153
\/cmr/m/n/10 be-
 []


Overfull \hbox (16.13892pt too wide) in paragraph at lines 149--153
\/cmr/m/n/10 tra-
 []


Overfull \hbox (23.33336pt too wide) in paragraph at lines 149--153
\/cmr/m/n/10 chten
 []


Overfull \hbox (13.91669pt too wide) in paragraph at lines 149--153
\/cmr/m/n/10 wir
 []


Overfull \hbox (12.52782pt too wide) in paragraph at lines 149--153
\/cmr/m/n/10 f^^?ur
 []


Overfull \hbox (17.22224pt too wide) in paragraph at lines 149--153
\/cmr/m/n/10 eine
 []


Overfull \hbox (15.27782pt too wide) in paragraph at lines 149--153
\/cmr/m/n/10 fixe
 []


Overfull \hbox (27.50006pt too wide) in paragraph at lines 149--153
\/cmr/m/n/10 Input-
 []


Overfull \hbox (26.25006pt too wide) in paragraph at lines 149--153
\/cmr/m/n/10 L^^?ange
 []


Overfull \hbox (12.7778pt too wide) in paragraph at lines 149--153
\/cmr/m/n/10 die
 []


Overfull \hbox (29.54169pt too wide) in paragraph at lines 149--153
\/cmr/m/n/10 Gener-
 []


Overfull \hbox (27.25006pt too wide) in paragraph at lines 149--153
\/cmr/m/n/10 ierung
 []


Overfull \hbox (11.72224pt too wide) in paragraph at lines 149--153
\/cmr/m/n/10 als
 []


Overfull \hbox (22.83337pt too wide) in paragraph at lines 149--153
\/cmr/m/n/10 Klas-
 []


Overfull \hbox (10.05556pt too wide) in paragraph at lines 149--153
\/cmr/m/n/10 si-
 []


Overfull \hbox (18.61116pt too wide) in paragraph at lines 149--153
\/cmr/m/n/10 fika-
 []


Overfull \hbox (20.5556pt too wide) in paragraph at lines 149--153
\/cmr/m/n/10 tion-
 []


Overfull \hbox (27.3056pt too wide) in paragraph at lines 149--153
\/cmr/m/n/10 sprob-
 []


Overfull \hbox (18.33337pt too wide) in paragraph at lines 149--153
\/cmr/m/n/10 lem,
 []


Overfull \hbox (245.19658pt too wide) in paragraph at lines 149--153
\/cmr/m/n/10 fig:ferdi:model1$[]\OML/cmm/m/it/10 onf[]atzeigtdiezugeh[]rigeConfusion \OMS/cmsy/m/n/10 ^^@
 []


Overfull \hbox (36.41621pt too wide) in paragraph at lines 149--153
\OML/cmm/m/it/10 Matrix:[] 
 []


c:/Users/kkwie/OneDrive/Dokumente/Latex/Maschine_Learning/Maschine_Learning/Ferdi/Ferdi.tex:154: LaTeX Error: Environment figure undefined.

See the LaTeX manual or LaTeX Companion for explanation.
Type  H <return>  for immediate help.
 ...                                              
                                                  
l.154 \begin{figure}
                    [h!]
Your command was ignored.
Type  I <command> <return>  to replace it with another command,
or  <return>  to continue without it.

c:/Users/kkwie/OneDrive/Dokumente/Latex/Maschine_Learning/Maschine_Learning/Ferdi/Ferdi.tex:156: Undefined control sequence.
l.156     \includegraphics
                          [width=1\textwidth]{model1_confmat1_ferdi.png}
The control sequence at the end of the top line
of your error message was never \def'ed. If you have
misspelled it (e.g., `\hobx'), type `I' and the correct
spelling (e.g., `I\hbox'). Otherwise just continue,
and I'll forget about whatever was undefined.

c:/Users/kkwie/OneDrive/Dokumente/Latex/Maschine_Learning/Maschine_Learning/Ferdi/Ferdi.tex:156: Missing number, treated as zero.
<to be read again> 
                   ]
l.156     \includegraphics[width=1\textwidth]
                                             {model1_confmat1_ferdi.png}
A number should have been here; I inserted `0'.
(If you can't figure out why I needed to see a number,
look up `weird error' in the index to The TeXbook.)

c:/Users/kkwie/OneDrive/Dokumente/Latex/Maschine_Learning/Maschine_Learning/Ferdi/Ferdi.tex:156: Illegal unit of measure (pt inserted).
<to be read again> 
                   ]
l.156     \includegraphics[width=1\textwidth]
                                             {model1_confmat1_ferdi.png}
Dimensions can be in units of em, ex, in, pt, pc,
cm, mm, dd, cc, nd, nc, bp, or sp; but yours is a new one!
I'll assume that you meant to say pt, for printer's points.
To recover gracefully from this error, it's best to
delete the erroneous units; e.g., type `2' to delete
two letters. (See Chapter 27 of The TeXbook.)

c:/Users/kkwie/OneDrive/Dokumente/Latex/Maschine_Learning/Maschine_Learning/Ferdi/Ferdi.tex:156: Missing $ inserted.
<inserted text> 
                $
l.156 ...ncludegraphics[width=1\textwidth]{model1_
                                                  confmat1_ferdi.png}
I've inserted a begin-math/end-math symbol since I think
you left one out. Proceed, with fingers crossed.

c:/Users/kkwie/OneDrive/Dokumente/Latex/Maschine_Learning/Maschine_Learning/Ferdi/Ferdi.tex:156: Extra }, or forgotten $.
l.156 ...h=1\textwidth]{model1_confmat1_ferdi.png}
                                                  
I've deleted a group-closing symbol because it seems to be
spurious, as in `$x}$'. But perhaps the } is legitimate and
you forgot something else, as in `\hbox{$x}'. In such cases
the way to recover is to insert both the forgotten and the
deleted material, e.g., by typing `I$}'.


c:/Users/kkwie/OneDrive/Dokumente/Latex/Maschine_Learning/Maschine_Learning/Ferdi/Ferdi.tex:157: LaTeX Error: \caption outside float.

See the LaTeX manual or LaTeX Companion for explanation.
Type  H <return>  for immediate help.
 ...                                              
                                                  
l.157     \caption
                  {Confusion-Matrix, Input-Länge von 32}
You're in trouble here.  Try typing  <return>  to proceed.
If that doesn't work, type  X <return>  to quit.


LaTeX Warning: Command \" invalid in math mode on input line 157.

c:/Users/kkwie/OneDrive/Dokumente/Latex/Maschine_Learning/Maschine_Learning/Ferdi/Ferdi.tex:157: Please use \mathaccent for accents in math mode.
\add@accent ... \let \ignorespaces \relax \accent 
                                                  #1 #2\egroup \ifmmode \els...
l.157     \caption{Confusion-Matrix, Input-Lä
                                              nge von 32}
I'm changing \accent to \mathaccent here; wish me luck.
(Accents are not the same in formulas as they are in text.)


c:/Users/kkwie/OneDrive/Dokumente/Latex/Maschine_Learning/Maschine_Learning/Ferdi/Ferdi.tex:159: LaTeX Error: \begin{document} ended by \end{figure}.

See the LaTeX manual or LaTeX Companion for explanation.
Type  H <return>  for immediate help.
 ...                                              
                                                  
l.159 \end{figure}
                  
Your command was ignored.
Type  I <command> <return>  to replace it with another command,
or  <return>  to continue without it.

c:/Users/kkwie/OneDrive/Dokumente/Latex/Maschine_Learning/Maschine_Learning/Ferdi/Ferdi.tex:159: Missing $ inserted.
<inserted text> 
                $
l.159 \end{figure}
                  
I've inserted something that you may have forgotten.
(See the <inserted text> above.)
With luck, this will get me unwedged. But if you
really didn't forget anything, try typing `2' now; then
my insertion and my current dilemma will both disappear.

c:/Users/kkwie/OneDrive/Dokumente/Latex/Maschine_Learning/Maschine_Learning/Ferdi/Ferdi.tex:159: Missing } inserted.
<inserted text> 
                }
l.159 \end{figure}
                  
I've inserted something that you may have forgotten.
(See the <inserted text> above.)
With luck, this will get me unwedged. But if you
really didn't forget anything, try typing `2' now; then
my insertion and my current dilemma will both disappear.


Overfull \hbox (33.88893pt too wide) in paragraph at lines 154--160
[]\/cmr/m/n/10 [h!]
 []


Overfull \hbox (351.91695pt too wide) in paragraph at lines 154--160
\/cmr/m/n/10 [width=1]model1$[]\OML/cmm/m/it/10 onfmat\/cmr/m/n/10 1[]\OML/cmm/m/it/10 erdi:png[][]$ 
 []


c:/Users/kkwie/OneDrive/Dokumente/Latex/Maschine_Learning/Maschine_Learning/Ferdi/Ferdi.tex:161: LaTeX Error: Environment figure undefined.

See the LaTeX manual or LaTeX Companion for explanation.
Type  H <return>  for immediate help.
 ...                                              
                                                  
l.161  \begin{figure}
                     [h!]
Your command was ignored.
Type  I <command> <return>  to replace it with another command,
or  <return>  to continue without it.

c:/Users/kkwie/OneDrive/Dokumente/Latex/Maschine_Learning/Maschine_Learning/Ferdi/Ferdi.tex:163: Undefined control sequence.
l.163     \includegraphics
                          [width=1\textwidth]{model1_confmat2_ferdi.png}
The control sequence at the end of the top line
of your error message was never \def'ed. If you have
misspelled it (e.g., `\hobx'), type `I' and the correct
spelling (e.g., `I\hbox'). Otherwise just continue,
and I'll forget about whatever was undefined.

c:/Users/kkwie/OneDrive/Dokumente/Latex/Maschine_Learning/Maschine_Learning/Ferdi/Ferdi.tex:163: Missing number, treated as zero.
<to be read again> 
                   ]
l.163     \includegraphics[width=1\textwidth]
                                             {model1_confmat2_ferdi.png}
A number should have been here; I inserted `0'.
(If you can't figure out why I needed to see a number,
look up `weird error' in the index to The TeXbook.)

c:/Users/kkwie/OneDrive/Dokumente/Latex/Maschine_Learning/Maschine_Learning/Ferdi/Ferdi.tex:163: Illegal unit of measure (pt inserted).
<to be read again> 
                   ]
l.163     \includegraphics[width=1\textwidth]
                                             {model1_confmat2_ferdi.png}
Dimensions can be in units of em, ex, in, pt, pc,
cm, mm, dd, cc, nd, nc, bp, or sp; but yours is a new one!
I'll assume that you meant to say pt, for printer's points.
To recover gracefully from this error, it's best to
delete the erroneous units; e.g., type `2' to delete
two letters. (See Chapter 27 of The TeXbook.)

c:/Users/kkwie/OneDrive/Dokumente/Latex/Maschine_Learning/Maschine_Learning/Ferdi/Ferdi.tex:163: Missing $ inserted.
<inserted text> 
                $
l.163 ...ncludegraphics[width=1\textwidth]{model1_
                                                  confmat2_ferdi.png}
I've inserted a begin-math/end-math symbol since I think
you left one out. Proceed, with fingers crossed.

c:/Users/kkwie/OneDrive/Dokumente/Latex/Maschine_Learning/Maschine_Learning/Ferdi/Ferdi.tex:163: Extra }, or forgotten $.
l.163 ...h=1\textwidth]{model1_confmat2_ferdi.png}
                                                  
I've deleted a group-closing symbol because it seems to be
spurious, as in `$x}$'. But perhaps the } is legitimate and
you forgot something else, as in `\hbox{$x}'. In such cases
the way to recover is to insert both the forgotten and the
deleted material, e.g., by typing `I$}'.


c:/Users/kkwie/OneDrive/Dokumente/Latex/Maschine_Learning/Maschine_Learning/Ferdi/Ferdi.tex:164: LaTeX Error: \caption outside float.

See the LaTeX manual or LaTeX Companion for explanation.
Type  H <return>  for immediate help.
 ...                                              
                                                  
l.164     \caption
                  {Confusion-Matrix, Input-Länge von 128}
You're in trouble here.  Try typing  <return>  to proceed.
If that doesn't work, type  X <return>  to quit.


LaTeX Warning: Command \" invalid in math mode on input line 164.

c:/Users/kkwie/OneDrive/Dokumente/Latex/Maschine_Learning/Maschine_Learning/Ferdi/Ferdi.tex:164: Please use \mathaccent for accents in math mode.
\add@accent ... \let \ignorespaces \relax \accent 
                                                  #1 #2\egroup \ifmmode \els...
l.164     \caption{Confusion-Matrix, Input-Lä
                                              nge von 128}
I'm changing \accent to \mathaccent here; wish me luck.
(Accents are not the same in formulas as they are in text.)


c:/Users/kkwie/OneDrive/Dokumente/Latex/Maschine_Learning/Maschine_Learning/Ferdi/Ferdi.tex:166: LaTeX Error: \begin{document} ended by \end{figure}.

See the LaTeX manual or LaTeX Companion for explanation.
Type  H <return>  for immediate help.
 ...                                              
                                                  
l.166 \end{figure}
                  
Your command was ignored.
Type  I <command> <return>  to replace it with another command,
or  <return>  to continue without it.

c:/Users/kkwie/OneDrive/Dokumente/Latex/Maschine_Learning/Maschine_Learning/Ferdi/Ferdi.tex:166: Missing $ inserted.
<inserted text> 
                $
l.166 \end{figure}
                  
I've inserted something that you may have forgotten.
(See the <inserted text> above.)
With luck, this will get me unwedged. But if you
really didn't forget anything, try typing `2' now; then
my insertion and my current dilemma will both disappear.

c:/Users/kkwie/OneDrive/Dokumente/Latex/Maschine_Learning/Maschine_Learning/Ferdi/Ferdi.tex:166: Missing } inserted.
<inserted text> 
                }
l.166 \end{figure}
                  
I've inserted something that you may have forgotten.
(See the <inserted text> above.)
With luck, this will get me unwedged. But if you
really didn't forget anything, try typing `2' now; then
my insertion and my current dilemma will both disappear.


Overfull \hbox (33.88893pt too wide) in paragraph at lines 161--167
[]\/cmr/m/n/10 [h!]
 []


Overfull \hbox (356.91696pt too wide) in paragraph at lines 161--167
\/cmr/m/n/10 [width=1]model1$[]\OML/cmm/m/it/10 onfmat\/cmr/m/n/10 2[]\OML/cmm/m/it/10 erdi:png[][]$ 
 []

c:/Users/kkwie/OneDrive/Dokumente/Latex/Maschine_Learning/Maschine_Learning/Ferdi/Ferdi.tex:174: Undefined control sequence.
<recently read> \autoref 
                         
l.174  \autoref
               {fig:ferdi:model1_conf_mat2} zeigt ein nahezu identisches Bil...
The control sequence at the end of the top line
of your error message was never \def'ed. If you have
misspelled it (e.g., `\hobx'), type `I' and the correct
spelling (e.g., `I\hbox'). Otherwise just continue,
and I'll forget about whatever was undefined.

c:/Users/kkwie/OneDrive/Dokumente/Latex/Maschine_Learning/Maschine_Learning/Ferdi/Ferdi.tex:174: Missing $ inserted.
<inserted text> 
                $
l.174  \autoref{fig:ferdi:model1_
                                 conf_mat2} zeigt ein nahezu identisches Bil...
I've inserted a begin-math/end-math symbol since I think
you left one out. Proceed, with fingers crossed.

c:/Users/kkwie/OneDrive/Dokumente/Latex/Maschine_Learning/Maschine_Learning/Ferdi/Ferdi.tex:174: Extra }, or forgotten $.
l.174  \autoref{fig:ferdi:model1_conf_mat2}
                                            zeigt ein nahezu identisches Bil...
I've deleted a group-closing symbol because it seems to be
spurious, as in `$x}$'. But perhaps the } is legitimate and
you forgot something else, as in `\hbox{$x}'. In such cases
the way to recover is to insert both the forgotten and the
deleted material, e.g., by typing `I$}'.


LaTeX Warning: Command \" invalid in math mode on input line 174.

c:/Users/kkwie/OneDrive/Dokumente/Latex/Maschine_Learning/Maschine_Learning/Ferdi/Ferdi.tex:174: Please use \mathaccent for accents in math mode.
\add@accent ... \let \ignorespaces \relax \accent 
                                                  #1 #2\egroup \ifmmode \els...
l.174 ...nahezu identisches Bild. Zum einem bestä
                                                  tigt das die Robustheit de...
I'm changing \accent to \mathaccent here; wish me luck.
(Accents are not the same in formulas as they are in text.)


LaTeX Warning: Command \" invalid in math mode on input line 175.

c:/Users/kkwie/OneDrive/Dokumente/Latex/Maschine_Learning/Maschine_Learning/Ferdi/Ferdi.tex:175: Please use \mathaccent for accents in math mode.
\add@accent ... \let \ignorespaces \relax \accent 
                                                  #1 #2\egroup \ifmmode \els...
l.175  auch eine ernü
                      chternde Konsequenz, Beziehungen von Noten über lange...
I'm changing \accent to \mathaccent here; wish me luck.
(Accents are not the same in formulas as they are in text.)


LaTeX Warning: Command \" invalid in math mode on input line 175.

c:/Users/kkwie/OneDrive/Dokumente/Latex/Maschine_Learning/Maschine_Learning/Ferdi/Ferdi.tex:175: Please use \mathaccent for accents in math mode.
\add@accent ... \let \ignorespaces \relax \accent 
                                                  #1 #2\egroup \ifmmode \els...
l.175 ...rnde Konsequenz, Beziehungen von Noten ü
                                                  ber lange Zeiten sind nich...
I'm changing \accent to \mathaccent here; wish me luck.
(Accents are not the same in formulas as they are in text.)


LaTeX Warning: Command \" invalid in math mode on input line 176.

c:/Users/kkwie/OneDrive/Dokumente/Latex/Maschine_Learning/Maschine_Learning/Ferdi/Ferdi.tex:176: Please use \mathaccent for accents in math mode.
\add@accent ... \let \ignorespaces \relax \accent 
                                                  #1 #2\egroup \ifmmode \els...
l.176 ... Transformer-Modell ihren Vorteil gegenü
                                                  ber anderer Methoden, sieh...
I'm changing \accent to \mathaccent here; wish me luck.
(Accents are not the same in formulas as they are in text.)

\citation{vaswani2017attention_ferdi}
c:/Users/kkwie/OneDrive/Dokumente/Latex/Maschine_Learning/Maschine_Learning/Ferdi/Ferdi.tex:176: Undefined control sequence.
<write> ...: Citation `\@citeb ' on page \thepage 
                                                  \space undefined\on@line .
l.176 ..., siehe \cite{vaswani2017attention_ferdi}
                                                  . Das ist vermutlich auch
The control sequence at the end of the top line
of your error message was never \def'ed. If you have
misspelled it (e.g., `\hobx'), type `I' and the correct
spelling (e.g., `I\hbox'). Otherwise just continue,
and I'll forget about whatever was undefined.


LaTeX Warning: Citation `vaswani2017attention_ferdi' on page  undefined on input line 176.


LaTeX Warning: Command \" invalid in math mode on input line 177.

c:/Users/kkwie/OneDrive/Dokumente/Latex/Maschine_Learning/Maschine_Learning/Ferdi/Ferdi.tex:177: Please use \mathaccent for accents in math mode.
\add@accent ... \let \ignorespaces \relax \accent 
                                                  #1 #2\egroup \ifmmode \els...
l.177  der Grund fü
                    r die nahezu identische Leistung gegenüber RNNs. \\
I'm changing \accent to \mathaccent here; wish me luck.
(Accents are not the same in formulas as they are in text.)


LaTeX Warning: Command \" invalid in math mode on input line 177.

c:/Users/kkwie/OneDrive/Dokumente/Latex/Maschine_Learning/Maschine_Learning/Ferdi/Ferdi.tex:177: Please use \mathaccent for accents in math mode.
\add@accent ... \let \ignorespaces \relax \accent 
                                                  #1 #2\egroup \ifmmode \els...
l.177 ...�r die nahezu identische Leistung gegenü
                                                  ber RNNs. \\
I'm changing \accent to \mathaccent here; wish me luck.
(Accents are not the same in formulas as they are in text.)

c:/Users/kkwie/OneDrive/Dokumente/Latex/Maschine_Learning/Maschine_Learning/Ferdi/Ferdi.tex:178: Undefined control sequence.
<recently read> \autoref 
                         
l.178  \autoref
               {fig:ferdi:in1}, \autoref{fig:ferdi:in2}, \autoref{fig:ferdi:...
The control sequence at the end of the top line
of your error message was never \def'ed. If you have
misspelled it (e.g., `\hobx'), type `I' and the correct
spelling (e.g., `I\hbox'). Otherwise just continue,
and I'll forget about whatever was undefined.

c:/Users/kkwie/OneDrive/Dokumente/Latex/Maschine_Learning/Maschine_Learning/Ferdi/Ferdi.tex:178: Undefined control sequence.
l.178  \autoref{fig:ferdi:in1}, \autoref
                                        {fig:ferdi:in2}, \autoref{fig:ferdi:...
The control sequence at the end of the top line
of your error message was never \def'ed. If you have
misspelled it (e.g., `\hobx'), type `I' and the correct
spelling (e.g., `I\hbox'). Otherwise just continue,
and I'll forget about whatever was undefined.

c:/Users/kkwie/OneDrive/Dokumente/Latex/Maschine_Learning/Maschine_Learning/Ferdi/Ferdi.tex:178: Undefined control sequence.
l.178 ...i:in1}, \autoref{fig:ferdi:in2}, \autoref
                                                  {fig:ferdi:in3} und  \auto...
The control sequence at the end of the top line
of your error message was never \def'ed. If you have
misspelled it (e.g., `\hobx'), type `I' and the correct
spelling (e.g., `I\hbox'). Otherwise just continue,
and I'll forget about whatever was undefined.

c:/Users/kkwie/OneDrive/Dokumente/Latex/Maschine_Learning/Maschine_Learning/Ferdi/Ferdi.tex:178: Undefined control sequence.
l.178 ...2}, \autoref{fig:ferdi:in3} und  \autoref
                                                  {fig:ferdi:in4} zeigt die ...
The control sequence at the end of the top line
of your error message was never \def'ed. If you have
misspelled it (e.g., `\hobx'), type `I' and the correct
spelling (e.g., `I\hbox'). Otherwise just continue,
and I'll forget about whatever was undefined.


LaTeX Warning: Command \" invalid in math mode on input line 179.

c:/Users/kkwie/OneDrive/Dokumente/Latex/Maschine_Learning/Maschine_Learning/Ferdi/Ferdi.tex:179: Please use \mathaccent for accents in math mode.
\add@accent ... \let \ignorespaces \relax \accent 
                                                  #1 #2\egroup \ifmmode \els...
l.179  mit lä
              nger werdender Input-Länge von $1, 2, 3, 4$. Zusammen mit \au...
I'm changing \accent to \mathaccent here; wish me luck.
(Accents are not the same in formulas as they are in text.)


LaTeX Warning: Command \" invalid in math mode on input line 179.

c:/Users/kkwie/OneDrive/Dokumente/Latex/Maschine_Learning/Maschine_Learning/Ferdi/Ferdi.tex:179: Please use \mathaccent for accents in math mode.
\add@accent ... \let \ignorespaces \relax \accent 
                                                  #1 #2\egroup \ifmmode \els...
l.179  mit länger werdender Input-Lä
                                      nge von $1, 2, 3, 4$. Zusammen mit \au...
I'm changing \accent to \mathaccent here; wish me luck.
(Accents are not the same in formulas as they are in text.)

c:/Users/kkwie/OneDrive/Dokumente/Latex/Maschine_Learning/Maschine_Learning/Ferdi/Ferdi.tex:179: Undefined control sequence.
l.179 ...e von $1, 2, 3, 4$. Zusammen mit \autoref
                                                  {fig:ferdi:max_probs} best...
The control sequence at the end of the top line
of your error message was never \def'ed. If you have
misspelled it (e.g., `\hobx'), type `I' and the correct
spelling (e.g., `I\hbox'). Otherwise just continue,
and I'll forget about whatever was undefined.


LaTeX Warning: Command \" invalid in math mode on input line 179.

c:/Users/kkwie/OneDrive/Dokumente/Latex/Maschine_Learning/Maschine_Learning/Ferdi/Ferdi.tex:179: Please use \mathaccent for accents in math mode.
\add@accent ... \let \ignorespaces \relax \accent 
                                                  #1 #2\egroup \ifmmode \els...
l.179 ... mit \autoref{fig:ferdi:max_probs} bestä
                                                  tigen diese die Beobachtun...
I'm changing \accent to \mathaccent here; wish me luck.
(Accents are not the same in formulas as they are in text.)


LaTeX Warning: Command \" invalid in math mode on input line 180.

c:/Users/kkwie/OneDrive/Dokumente/Latex/Maschine_Learning/Maschine_Learning/Ferdi/Ferdi.tex:180: Please use \mathaccent for accents in math mode.
\add@accent ... \let \ignorespaces \relax \accent 
                                                  #1 #2\egroup \ifmmode \els...
l.180  Input-Lä
                nge von 4 ist die Vorhersage des Modells praktisch fix, die ...
I'm changing \accent to \mathaccent here; wish me luck.
(Accents are not the same in formulas as they are in text.)


LaTeX Warning: Command \" invalid in math mode on input line 180.

c:/Users/kkwie/OneDrive/Dokumente/Latex/Maschine_Learning/Maschine_Learning/Ferdi/Ferdi.tex:180: Please use \mathaccent for accents in math mode.
\add@accent ... \let \ignorespaces \relax \accent 
                                                  #1 #2\egroup \ifmmode \els...
l.180 ...u identisch zu den Matrizen mit Input-Lä
                                                  nge von 32 und
I'm changing \accent to \mathaccent here; wish me luck.
(Accents are not the same in formulas as they are in text.)


LaTeX Warning: Command \" invalid in math mode on input line 181.

c:/Users/kkwie/OneDrive/Dokumente/Latex/Maschine_Learning/Maschine_Learning/Ferdi/Ferdi.tex:181: Please use \mathaccent for accents in math mode.
\add@accent ... \let \ignorespaces \relax \accent 
                                                  #1 #2\egroup \ifmmode \els...
l.181  Input-Lä
                nge von 128. Das Modell profitiert also kaum von den Vorteil...
I'm changing \accent to \mathaccent here; wish me luck.
(Accents are not the same in formulas as they are in text.)


c:/Users/kkwie/OneDrive/Dokumente/Latex/Maschine_Learning/Maschine_Learning/Ferdi/Ferdi.tex:182: LaTeX Error: Environment figure undefined.

See the LaTeX manual or LaTeX Companion for explanation.
Type  H <return>  for immediate help.
 ...                                              
                                                  
l.182 \begin{figure}
                    [htbp]
Your command was ignored.
Type  I <command> <return>  to replace it with another command,
or  <return>  to continue without it.


c:/Users/kkwie/OneDrive/Dokumente/Latex/Maschine_Learning/Maschine_Learning/Ferdi/Ferdi.tex:183: LaTeX Error: Environment subfigure undefined.

See the LaTeX manual or LaTeX Companion for explanation.
Type  H <return>  for immediate help.
 ...                                              
                                                  
l.183   \begin{subfigure}
                         {1\textwidth}
Your command was ignored.
Type  I <command> <return>  to replace it with another command,
or  <return>  to continue without it.

c:/Users/kkwie/OneDrive/Dokumente/Latex/Maschine_Learning/Maschine_Learning/Ferdi/Ferdi.tex:183: Missing number, treated as zero.
<to be read again> 
                   }
l.183   \begin{subfigure}{1\textwidth}
                                      
A number should have been here; I inserted `0'.
(If you can't figure out why I needed to see a number,
look up `weird error' in the index to The TeXbook.)

c:/Users/kkwie/OneDrive/Dokumente/Latex/Maschine_Learning/Maschine_Learning/Ferdi/Ferdi.tex:183: Illegal unit of measure (pt inserted).
<to be read again> 
                   }
l.183   \begin{subfigure}{1\textwidth}
                                      
Dimensions can be in units of em, ex, in, pt, pc,
cm, mm, dd, cc, nd, nc, bp, or sp; but yours is a new one!
I'll assume that you meant to say pt, for printer's points.
To recover gracefully from this error, it's best to
delete the erroneous units; e.g., type `2' to delete
two letters. (See Chapter 27 of The TeXbook.)

c:/Users/kkwie/OneDrive/Dokumente/Latex/Maschine_Learning/Maschine_Learning/Ferdi/Ferdi.tex:185: Undefined control sequence.
l.185     \includegraphics
                          [height=0.35\textheight, keepaspectratio]{in1_ferd...
The control sequence at the end of the top line
of your error message was never \def'ed. If you have
misspelled it (e.g., `\hobx'), type `I' and the correct
spelling (e.g., `I\hbox'). Otherwise just continue,
and I'll forget about whatever was undefined.

c:/Users/kkwie/OneDrive/Dokumente/Latex/Maschine_Learning/Maschine_Learning/Ferdi/Ferdi.tex:185: Illegal unit of measure (pt inserted).
<to be read again> 
                   k
l.185 ...includegraphics[height=0.35\textheight, k
                                                  eepaspectratio]{in1_ferdi....
Dimensions can be in units of em, ex, in, pt, pc,
cm, mm, dd, cc, nd, nc, bp, or sp; but yours is a new one!
I'll assume that you meant to say pt, for printer's points.
To recover gracefully from this error, it's best to
delete the erroneous units; e.g., type `2' to delete
two letters. (See Chapter 27 of The TeXbook.)


c:/Users/kkwie/OneDrive/Dokumente/Latex/Maschine_Learning/Maschine_Learning/Ferdi/Ferdi.tex:186: LaTeX Error: \caption outside float.

See the LaTeX manual or LaTeX Companion for explanation.
Type  H <return>  for immediate help.
 ...                                              
                                                  
l.186     \caption
                  {Input-Länge von 1}
You're in trouble here.  Try typing  <return>  to proceed.
If that doesn't work, type  X <return>  to quit.


LaTeX Warning: Command \" invalid in math mode on input line 186.

c:/Users/kkwie/OneDrive/Dokumente/Latex/Maschine_Learning/Maschine_Learning/Ferdi/Ferdi.tex:186: Please use \mathaccent for accents in math mode.
\add@accent ... \let \ignorespaces \relax \accent 
                                                  #1 #2\egroup \ifmmode \els...
l.186     \caption{Input-Lä
                            nge von 1}
I'm changing \accent to \mathaccent here; wish me luck.
(Accents are not the same in formulas as they are in text.)


c:/Users/kkwie/OneDrive/Dokumente/Latex/Maschine_Learning/Maschine_Learning/Ferdi/Ferdi.tex:188: LaTeX Error: \begin{document} ended by \end{subfigure}.

See the LaTeX manual or LaTeX Companion for explanation.
Type  H <return>  for immediate help.
 ...                                              
                                                  
l.188   \end{subfigure}
                       
Your command was ignored.
Type  I <command> <return>  to replace it with another command,
or  <return>  to continue without it.

c:/Users/kkwie/OneDrive/Dokumente/Latex/Maschine_Learning/Maschine_Learning/Ferdi/Ferdi.tex:189: Missing $ inserted.
<inserted text> 
                $
l.189 
      
I've inserted a begin-math/end-math symbol since I think
you left one out. Proceed, with fingers crossed.

c:/Users/kkwie/OneDrive/Dokumente/Latex/Maschine_Learning/Maschine_Learning/Ferdi/Ferdi.tex:189: Missing \endgroup inserted.
<inserted text> 
                \endgroup 
l.189 
      
I've inserted something that you may have forgotten.
(See the <inserted text> above.)
With luck, this will get me unwedged. But if you
really didn't forget anything, try typing `2' now; then
my insertion and my current dilemma will both disappear.


Overfull \hbox (37.00003pt too wide) in paragraph at lines 168--189
[]\/cmr/m/n/10 Uns
 []


Overfull \hbox (23.61118pt too wide) in paragraph at lines 168--189
\/cmr/m/n/10 fallen
 []


Overfull \hbox (18.61111pt too wide) in paragraph at lines 168--189
\/cmr/m/n/10 zwei
 []


Overfull \hbox (25.41672pt too wide) in paragraph at lines 168--189
\/cmr/m/n/10 Dinge
 []


Overfull \hbox (13.61116pt too wide) in paragraph at lines 168--189
\/cmr/m/n/10 auf
 []


Overfull \hbox (38.11118pt too wide) in paragraph at lines 168--189
\/cmr/m/n/10 zun^^?achst
 []


Overfull \hbox (18.63889pt too wide) in paragraph at lines 168--189
\/cmr/m/n/10 wer-
 []


Overfull \hbox (15.55559pt too wide) in paragraph at lines 168--189
\/cmr/m/n/10 den
 []


Overfull \hbox (29.1667pt too wide) in paragraph at lines 168--189
\/cmr/m/n/10 wenige
 []


Overfull \hbox (14.72223pt too wide) in paragraph at lines 168--189
\/cmr/m/n/10 To-
 []


Overfull \hbox (18.94447pt too wide) in paragraph at lines 168--189
\/cmr/m/n/10 kens
 []


Overfull \hbox (46.7223pt too wide) in paragraph at lines 168--189
\/cmr/m/n/10 tats^^?achlich
 []


Overfull \hbox (16.69446pt too wide) in paragraph at lines 168--189
\/cmr/m/n/10 ver-
 []


Overfull \hbox (20.27779pt too wide) in paragraph at lines 168--189
\/cmr/m/n/10 wen-
 []


Overfull \hbox (16.6667pt too wide) in paragraph at lines 168--189
\/cmr/m/n/10 det,
 []


Overfull \hbox (14.50003pt too wide) in paragraph at lines 168--189
\/cmr/m/n/10 das
 []


Overfull \hbox (10.61113pt too wide) in paragraph at lines 168--189
\/cmr/m/n/10 ist
 []


Overfull \hbox (27.8056pt too wide) in paragraph at lines 168--189
\/cmr/m/n/10 allerd-
 []


Overfull \hbox (17.27782pt too wide) in paragraph at lines 168--189
\/cmr/m/n/10 ings
 []


Overfull \hbox (21.6667pt too wide) in paragraph at lines 168--189
\/cmr/m/n/10 nicht
 []


Overfull \hbox (16.69446pt too wide) in paragraph at lines 168--189
\/cmr/m/n/10 ver-
 []


Overfull \hbox (21.6667pt too wide) in paragraph at lines 168--189
\/cmr/m/n/10 wun-
 []


Overfull \hbox (17.25002pt too wide) in paragraph at lines 168--189
\/cmr/m/n/10 der-
 []


Overfull \hbox (18.05559pt too wide) in paragraph at lines 168--189
\/cmr/m/n/10 lich;
 []


Overfull \hbox (17.86113pt too wide) in paragraph at lines 168--189
\/cmr/m/n/10 sehr
 []


Overfull \hbox (18.61115pt too wide) in paragraph at lines 168--189
\/cmr/m/n/10 tiefe
 []


Overfull \hbox (20.00003pt too wide) in paragraph at lines 168--189
\/cmr/m/n/10 bzw.
 []


Overfull \hbox (20.5556pt too wide) in paragraph at lines 168--189
\/cmr/m/n/10 hohe
 []


Overfull \hbox (43.05565pt too wide) in paragraph at lines 168--189
\/cmr/m/n/10 Tonh^^?ohen
 []


Overfull \hbox (21.66672pt too wide) in paragraph at lines 168--189
\/cmr/m/n/10 kom-
 []


Overfull \hbox (18.33337pt too wide) in paragraph at lines 168--189
\/cmr/m/n/10 men
 []


Overfull \hbox (8.33336pt too wide) in paragraph at lines 168--189
\/cmr/m/n/10 in
 []


Overfull \hbox (26.72229pt too wide) in paragraph at lines 168--189
\/cmr/m/n/10 Musik
 []


Overfull \hbox (40.02785pt too wide) in paragraph at lines 168--189
\/cmr/m/n/10 (jeglicher
 []


Overfull \hbox (21.11115pt too wide) in paragraph at lines 168--189
\/cmr/m/n/10 Zeit)
 []


Overfull \hbox (23.61119pt too wide) in paragraph at lines 168--189
\/cmr/m/n/10 kaum
 []


Overfull \hbox (16.69449pt too wide) in paragraph at lines 168--189
\/cmr/m/n/10 vor.
 []


Overfull \hbox (28.80559pt too wide) in paragraph at lines 168--189
\/cmr/m/n/10 Diesen
 []


Overfull \hbox (71.05573pt too wide) in paragraph at lines 168--189
\/cmr/m/n/10 "Beschr^^?ankung"
 []


Overfull \hbox (14.44449pt too wide) in paragraph at lines 168--189
\/cmr/m/n/10 hat
 []


Overfull \hbox (20.27782pt too wide) in paragraph at lines 168--189
\/cmr/m/n/10 auch
 []


Overfull \hbox (23.4167pt too wide) in paragraph at lines 168--189
\/cmr/m/n/10 unser
 []


Overfull \hbox (23.33339pt too wide) in paragraph at lines 168--189
\/cmr/m/n/10 Mod-
 []


Overfull \hbox (10.00002pt too wide) in paragraph at lines 168--189
\/cmr/m/n/10 ell
 []


Overfull \hbox (15.55557pt too wide) in paragraph at lines 168--189
\/cmr/m/n/10 gel-
 []


Overfull \hbox (20.30559pt too wide) in paragraph at lines 168--189
\/cmr/m/n/10 ernt,
 []


Overfull \hbox (23.61115pt too wide) in paragraph at lines 168--189
\/cmr/m/n/10 eben-
 []


Overfull \hbox (17.5556pt too wide) in paragraph at lines 168--189
\/cmr/m/n/10 falls
 []


Overfull \hbox (13.88892pt too wide) in paragraph at lines 168--189
\/cmr/m/n/10 do-
 []


Overfull \hbox (31.69452pt too wide) in paragraph at lines 168--189
\/cmr/m/n/10 miniert
 []


Overfull \hbox (12.7778pt too wide) in paragraph at lines 168--189
\/cmr/m/n/10 die
 []


Overfull \hbox (30.8334pt too wide) in paragraph at lines 168--189
\/cmr/m/n/10 Haupt-
 []


Overfull \hbox (11.66669pt too wide) in paragraph at lines 168--189
\/cmr/m/n/10 di-
 []


Overfull \hbox (13.33336pt too wide) in paragraph at lines 168--189
\/cmr/m/n/10 ag-
 []


Overfull \hbox (8.33334pt too wide) in paragraph at lines 168--189
\/cmr/m/n/10 o-
 []


Overfull \hbox (17.77782pt too wide) in paragraph at lines 168--189
\/cmr/m/n/10 nale
 []


Overfull \hbox (12.7778pt too wide) in paragraph at lines 168--189
\/cmr/m/n/10 die
 []


Overfull \hbox (32.83337pt too wide) in paragraph at lines 168--189
\/cmr/m/n/10 Vorher-
 []


Overfull \hbox (23.94449pt too wide) in paragraph at lines 168--189
\/cmr/m/n/10 sagen
 []


Overfull \hbox (22.77782pt too wide) in paragraph at lines 168--189
\/cmr/m/n/10 deut-
 []


Overfull \hbox (18.05559pt too wide) in paragraph at lines 168--189
\/cmr/m/n/10 lich,
 []


Overfull \hbox (13.91669pt too wide) in paragraph at lines 168--189
\/cmr/m/n/10 wir
 []


Overfull \hbox (23.94449pt too wide) in paragraph at lines 168--189
\/cmr/m/n/10 sagen
 []


Overfull \hbox (16.72226pt too wide) in paragraph at lines 168--189
\/cmr/m/n/10 also
 []


Overfull \hbox (11.94449pt too wide) in paragraph at lines 168--189
\/cmr/m/n/10 oft
 []


Overfull \hbox (12.7778pt too wide) in paragraph at lines 168--189
\/cmr/m/n/10 die
 []


Overfull \hbox (13.33336pt too wide) in paragraph at lines 168--189
\/cmr/m/n/10 ko-
 []


Overfull \hbox (7.25pt too wide) in paragraph at lines 168--189
\/cmr/m/n/10 r-
 []


Overfull \hbox (21.97226pt too wide) in paragraph at lines 168--189
\/cmr/m/n/10 rekte
 []


Overfull \hbox (20.83337pt too wide) in paragraph at lines 168--189
\/cmr/m/n/10 Note
 []


Overfull \hbox (30.61118pt too wide) in paragraph at lines 168--189
\/cmr/m/n/10 vorher.
 []


Overfull \hbox (14.86113pt too wide) in paragraph at lines 168--189
\/cmr/m/n/10 Be-
 []


Overfull \hbox (16.13892pt too wide) in paragraph at lines 168--189
\/cmr/m/n/10 tra-
 []


Overfull \hbox (21.66669pt too wide) in paragraph at lines 168--189
\/cmr/m/n/10 chtet
 []


Overfull \hbox (18.88895pt too wide) in paragraph at lines 168--189
\/cmr/m/n/10 man
 []


Overfull \hbox (12.7778pt too wide) in paragraph at lines 168--189
\/cmr/m/n/10 die
 []


Overfull \hbox (17.50003pt too wide) in paragraph at lines 168--189
\/cmr/m/n/10 Ma-
 []


Overfull \hbox (15.86116pt too wide) in paragraph at lines 168--189
\/cmr/m/n/10 trix
 []


Overfull \hbox (33.91673pt too wide) in paragraph at lines 168--189
\/cmr/m/n/10 genauer
 []


Overfull \hbox (23.61118pt too wide) in paragraph at lines 168--189
\/cmr/m/n/10 fallen
 []


Overfull \hbox (12.7778pt too wide) in paragraph at lines 168--189
\/cmr/m/n/10 die
 []


Overfull \hbox (18.61111pt too wide) in paragraph at lines 168--189
\/cmr/m/n/10 zwei
 []


Overfull \hbox (20.88893pt too wide) in paragraph at lines 168--189
\/cmr/m/n/10 sym-
 []


Overfull \hbox (47.02785pt too wide) in paragraph at lines 168--189
\/cmr/m/n/10 metrischen
 []


Overfull \hbox (31.11116pt too wide) in paragraph at lines 168--189
\/cmr/m/n/10 Neben-
 []


Overfull \hbox (11.66669pt too wide) in paragraph at lines 168--189
\/cmr/m/n/10 di-
 []


Overfull \hbox (13.33336pt too wide) in paragraph at lines 168--189
\/cmr/m/n/10 ag-
 []


Overfull \hbox (8.33334pt too wide) in paragraph at lines 168--189
\/cmr/m/n/10 o-
 []


Overfull \hbox (23.33339pt too wide) in paragraph at lines 168--189
\/cmr/m/n/10 nalen
 []


Overfull \hbox (13.61116pt too wide) in paragraph at lines 168--189
\/cmr/m/n/10 auf
 []


Overfull \hbox (16.6667pt too wide) in paragraph at lines 168--189
\/cmr/m/n/10 (die
 []


Overfull \hbox (14.44447pt too wide) in paragraph at lines 168--189
\/cmr/m/n/10 un-
 []


Overfull \hbox (16.69446pt too wide) in paragraph at lines 168--189
\/cmr/m/n/10 tere
 []


Overfull \hbox (13.61113pt too wide) in paragraph at lines 168--189
\/cmr/m/n/10 be-
 []


Overfull \hbox (22.50006pt too wide) in paragraph at lines 168--189
\/cmr/m/n/10 ginnt
 []


Overfull \hbox (13.05559pt too wide) in paragraph at lines 168--189
\/cmr/m/n/10 bei
 []


Overfull \hbox (20.00002pt too wide) in paragraph at lines 168--189
\/cmr/m/n/10 etwa
 []


Overfull \hbox (32.22227pt too wide) in paragraph at lines 168--189
\/cmr/m/n/10 (36\OML/cmm/m/it/10 ; \/cmr/m/n/10 48)$
 []


Overfull \hbox (16.66672pt too wide) in paragraph at lines 168--189
\/cmr/m/n/10 und
 []


Overfull \hbox (13.33334pt too wide) in paragraph at lines 168--189
\/cmr/m/n/10 en-
 []


Overfull \hbox (13.88892pt too wide) in paragraph at lines 168--189
\/cmr/m/n/10 det
 []


Overfull \hbox (13.05559pt too wide) in paragraph at lines 168--189
\/cmr/m/n/10 bei
 []


Overfull \hbox (20.00002pt too wide) in paragraph at lines 168--189
\/cmr/m/n/10 etwa
 []


Overfull \hbox (38.88896pt too wide) in paragraph at lines 168--189
\/cmr/m/n/10 (66\OML/cmm/m/it/10 ; \/cmr/m/n/10 78)$),
 []


Overfull \hbox (12.7778pt too wide) in paragraph at lines 168--189
\/cmr/m/n/10 die
 []


Overfull \hbox (31.11116pt too wide) in paragraph at lines 168--189
\/cmr/m/n/10 Neben-
 []


Overfull \hbox (11.66669pt too wide) in paragraph at lines 168--189
\/cmr/m/n/10 di-
 []


Overfull \hbox (13.33336pt too wide) in paragraph at lines 168--189
\/cmr/m/n/10 ag-
 []


Overfull \hbox (8.33334pt too wide) in paragraph at lines 168--189
\/cmr/m/n/10 o-
 []


Overfull \hbox (23.33339pt too wide) in paragraph at lines 168--189
\/cmr/m/n/10 nalen
 []


Overfull \hbox (25.00005pt too wide) in paragraph at lines 168--189
\/cmr/m/n/10 liegen
 []


Overfull \hbox (16.72226pt too wide) in paragraph at lines 168--189
\/cmr/m/n/10 also
 []


Overfull \hbox (11.66669pt too wide) in paragraph at lines 168--189
\/cmr/m/n/10 in-
 []


Overfull \hbox (15.58334pt too wide) in paragraph at lines 168--189
\/cmr/m/n/10 ter-
 []


Overfull \hbox (11.72221pt too wide) in paragraph at lines 168--189
\/cmr/m/n/10 es-
 []


Overfull \hbox (17.83336pt too wide) in paragraph at lines 168--189
\/cmr/m/n/10 san-
 []


Overfull \hbox (15.58334pt too wide) in paragraph at lines 168--189
\/cmr/m/n/10 ter-
 []


Overfull \hbox (22.55556pt too wide) in paragraph at lines 168--189
\/cmr/m/n/10 weise
 []


Overfull \hbox (17.77783pt too wide) in paragraph at lines 168--189
\OMS/cmsy/m/n/10 ^^F\/cmr/m/n/10 12$
 []


Overfull \hbox (29.72226pt too wide) in paragraph at lines 168--189
\/cmr/m/n/10 Token-
 []


Overfull \hbox (15.19446pt too wide) in paragraph at lines 168--189
\/cmr/m/n/10 IDs
 []


Overfull \hbox (23.08337pt too wide) in paragraph at lines 168--189
\/cmr/m/n/10 unter
 []


Overfull \hbox (20.00003pt too wide) in paragraph at lines 168--189
\/cmr/m/n/10 bzw.
 []


Overfull \hbox (19.75005pt too wide) in paragraph at lines 168--189
\/cmr/m/n/10 ^^?uber
 []


Overfull \hbox (13.91669pt too wide) in paragraph at lines 168--189
\/cmr/m/n/10 der
 []


Overfull \hbox (30.8334pt too wide) in paragraph at lines 168--189
\/cmr/m/n/10 Haupt-
 []


Overfull \hbox (11.66669pt too wide) in paragraph at lines 168--189
\/cmr/m/n/10 di-
 []


Overfull \hbox (13.33336pt too wide) in paragraph at lines 168--189
\/cmr/m/n/10 ag-
 []


Overfull \hbox (8.33334pt too wide) in paragraph at lines 168--189
\/cmr/m/n/10 o-
 []


Overfull \hbox (20.5556pt too wide) in paragraph at lines 168--189
\/cmr/m/n/10 nale.
 []


Overfull \hbox (16.58336pt too wide) in paragraph at lines 168--189
\/cmr/m/n/10 Das
 []


Overfull \hbox (17.83337pt too wide) in paragraph at lines 168--189
\/cmr/m/n/10 sind
 []


Overfull \hbox (25.55562pt too wide) in paragraph at lines 168--189
\/cmr/m/n/10 genau
 []


Overfull \hbox (10.00003pt too wide) in paragraph at lines 168--189
\/cmr/m/n/10 12
 []


Overfull \hbox (38.6112pt too wide) in paragraph at lines 168--189
\/cmr/m/n/10 Halbton-
 []


Overfull \hbox (35.36116pt too wide) in paragraph at lines 168--189
\/cmr/m/n/10 schritte,
 []


Overfull \hbox (16.72226pt too wide) in paragraph at lines 168--189
\/cmr/m/n/10 also
 []


Overfull \hbox (17.22224pt too wide) in paragraph at lines 168--189
\/cmr/m/n/10 eine
 []


Overfull \hbox (16.38893pt too wide) in paragraph at lines 168--189
\/cmr/m/n/10 Ok-
 []


Overfull \hbox (20.83337pt too wide) in paragraph at lines 168--189
\/cmr/m/n/10 tave!
 []


Overfull \hbox (14.86113pt too wide) in paragraph at lines 168--189
\/cmr/m/n/10 Die
 []


Overfull \hbox (32.83337pt too wide) in paragraph at lines 168--189
\/cmr/m/n/10 Vorher-
 []


Overfull \hbox (18.38892pt too wide) in paragraph at lines 168--189
\/cmr/m/n/10 sage
 []


Overfull \hbox (10.61113pt too wide) in paragraph at lines 168--189
\/cmr/m/n/10 ist
 []


Overfull \hbox (16.72226pt too wide) in paragraph at lines 168--189
\/cmr/m/n/10 also
 []


Overfull \hbox (8.33336pt too wide) in paragraph at lines 168--189
\/cmr/m/n/10 in
 []


Overfull \hbox (29.50005pt too wide) in paragraph at lines 168--189
\/cmr/m/n/10 diesem
 []


Overfull \hbox (16.25005pt too wide) in paragraph at lines 168--189
\/cmr/m/n/10 Fall
 []


Overfull \hbox (17.80559pt too wide) in paragraph at lines 168--189
\/cmr/m/n/10 har-
 []


Overfull \hbox (35.3334pt too wide) in paragraph at lines 168--189
\/cmr/m/n/10 monisch
 []


Overfull \hbox (13.33336pt too wide) in paragraph at lines 168--189
\/cmr/m/n/10 ko-
 []


Overfull \hbox (7.25pt too wide) in paragraph at lines 168--189
\/cmr/m/n/10 r-
 []


Overfull \hbox (20.3056pt too wide) in paragraph at lines 168--189
\/cmr/m/n/10 rekt,
 []


Overfull \hbox (22.50003pt too wide) in paragraph at lines 168--189
\/cmr/m/n/10 wenn
 []


Overfull \hbox (20.27782pt too wide) in paragraph at lines 168--189
\/cmr/m/n/10 auch
 []


Overfull \hbox (11.11115pt too wide) in paragraph at lines 168--189
\/cmr/m/n/10 im
 []


Overfull \hbox (34.50006pt too wide) in paragraph at lines 168--189
\/cmr/m/n/10 falschen
 []


Overfull \hbox (12.50002pt too wide) in paragraph at lines 168--189
\/cmr/m/n/10 In-
 []


Overfull \hbox (15.58334pt too wide) in paragraph at lines 168--189
\/cmr/m/n/10 ter-
 []


Overfull \hbox (18.05562pt too wide) in paragraph at lines 168--189
\/cmr/m/n/10 vall. 
 []


Overfull \hbox (1326.11696pt too wide) in paragraph at lines 168--189
\/cmr/m/n/10 fig:ferdi:model1$[]\OML/cmm/m/it/10 onf[]at\/cmr/m/n/10 2\OML/cmm/m/it/10 zeigteinnahezuidentischesBild:Zumeinembest[]tigtdasdieRobustheitdesModells; dochergibtsichdarausaucheineern[]chterndeKonsequenz; BeziehungenvonNoten[]berlangeZeitensindnichtvorhandenoderwerdenvomModellnichtgelernt\/cmr/m/n/10 ; \OML/cmm/m/it/10 dochgeradedarinhabenTransformer \OMS/cmsy/m/n/10 ^^@
 []


Overfull \hbox (626.4802pt too wide) in paragraph at lines 168--189
\OML/cmm/m/it/10 ModellihrenVorteilgegen[]berandererMethoden; siehe\/cmr/m/n/10 [[]]\OML/cmm/m/it/10 :DasistvermutlichauchderGrundf[]rdienahezuidentischeLeistunggegen[]berRNNs:[] 
 []


Overfull \hbox (470.11768pt too wide) in paragraph at lines 168--189
[]\OML/cmm/m/it/10 ; []; []und[]zeigtdieEntwicklungderConfusion \OMS/cmsy/m/n/10 ^^@
 []


Overfull \hbox (169.26686pt too wide) in paragraph at lines 168--189
\OML/cmm/m/it/10 Matrizenmitl[]ngerwerdenderInput \OMS/cmsy/m/n/10 ^^@
 []


Overfull \hbox (51.71193pt too wide) in paragraph at lines 168--189
\OML/cmm/m/it/10 L[]ngevon$\/cmr/m/n/10 1,
 []


Overfull \hbox (7.7778pt too wide) in paragraph at lines 168--189
\/cmr/m/n/10 2,
 []


Overfull \hbox (7.7778pt too wide) in paragraph at lines 168--189
\/cmr/m/n/10 3,
 []


Overfull \hbox (393.98537pt too wide) in paragraph at lines 168--189
\/cmr/m/n/10 4$\OML/cmm/m/it/10 :Zusammenmit[]best[]tigendiesedieBeobachtungen\/cmr/m/n/10 ; \OML/cmm/m/it/10 abeinerInput \OMS/cmsy/m/n/10 ^^@
 []


Overfull \hbox (310.2514pt too wide) in paragraph at lines 168--189
\OML/cmm/m/it/10 L[]ngevon\/cmr/m/n/10 4\OML/cmm/m/it/10 istdieVorhersagedesModellspraktischfix; dieConfusion \OMS/cmsy/m/n/10 ^^@
 []


Overfull \hbox (233.90282pt too wide) in paragraph at lines 168--189
\OML/cmm/m/it/10 MatrixistnahzuidentischzudenMatrizenmitInput \OMS/cmsy/m/n/10 ^^@
 []


Overfull \hbox (104.19359pt too wide) in paragraph at lines 168--189
\OML/cmm/m/it/10 L[]ngevon\/cmr/m/n/10 32\OML/cmm/m/it/10 undInput \OMS/cmsy/m/n/10 ^^@
 []


Overfull \hbox (475.95378pt too wide) in paragraph at lines 168--189
\OML/cmm/m/it/10 L[]ngevon\/cmr/m/n/10 128\OML/cmm/m/it/10 :DasModellprofitiertalsokaumvondenVorteilenderTransformerarchitektur:\/cmr/m/n/10 [\OML/cmm/m/it/10 htbp\/cmr/m/n/10 ]1[\OML/cmm/m/it/10 height \/cmr/m/n/10 =
 []


Overfull \hbox (233.37172pt too wide) in paragraph at lines 168--189
\/cmr/m/n/10 0\OML/cmm/m/it/10 :\/cmr/m/n/10 35\OML/cmm/m/it/10 keepaspectratio\/cmr/m/n/10 ][][][]$ 
 []


c:/Users/kkwie/OneDrive/Dokumente/Latex/Maschine_Learning/Maschine_Learning/Ferdi/Ferdi.tex:192: LaTeX Error: Environment subfigure undefined.

See the LaTeX manual or LaTeX Companion for explanation.
Type  H <return>  for immediate help.
 ...                                              
                                                  
l.192   \begin{subfigure}
                         {1\textwidth}
Your command was ignored.
Type  I <command> <return>  to replace it with another command,
or  <return>  to continue without it.

c:/Users/kkwie/OneDrive/Dokumente/Latex/Maschine_Learning/Maschine_Learning/Ferdi/Ferdi.tex:192: Missing number, treated as zero.
<to be read again> 
                   }
l.192   \begin{subfigure}{1\textwidth}
                                      
A number should have been here; I inserted `0'.
(If you can't figure out why I needed to see a number,
look up `weird error' in the index to The TeXbook.)

c:/Users/kkwie/OneDrive/Dokumente/Latex/Maschine_Learning/Maschine_Learning/Ferdi/Ferdi.tex:192: Illegal unit of measure (pt inserted).
<to be read again> 
                   }
l.192   \begin{subfigure}{1\textwidth}
                                      
Dimensions can be in units of em, ex, in, pt, pc,
cm, mm, dd, cc, nd, nc, bp, or sp; but yours is a new one!
I'll assume that you meant to say pt, for printer's points.
To recover gracefully from this error, it's best to
delete the erroneous units; e.g., type `2' to delete
two letters. (See Chapter 27 of The TeXbook.)

c:/Users/kkwie/OneDrive/Dokumente/Latex/Maschine_Learning/Maschine_Learning/Ferdi/Ferdi.tex:194: Undefined control sequence.
l.194     \includegraphics
                          [height=0.35\textheight, keepaspectratio]{in2_ferd...
The control sequence at the end of the top line
of your error message was never \def'ed. If you have
misspelled it (e.g., `\hobx'), type `I' and the correct
spelling (e.g., `I\hbox'). Otherwise just continue,
and I'll forget about whatever was undefined.

c:/Users/kkwie/OneDrive/Dokumente/Latex/Maschine_Learning/Maschine_Learning/Ferdi/Ferdi.tex:194: Illegal unit of measure (pt inserted).
<to be read again> 
                   k
l.194 ...includegraphics[height=0.35\textheight, k
                                                  eepaspectratio]{in2_ferdi....
Dimensions can be in units of em, ex, in, pt, pc,
cm, mm, dd, cc, nd, nc, bp, or sp; but yours is a new one!
I'll assume that you meant to say pt, for printer's points.
To recover gracefully from this error, it's best to
delete the erroneous units; e.g., type `2' to delete
two letters. (See Chapter 27 of The TeXbook.)

c:/Users/kkwie/OneDrive/Dokumente/Latex/Maschine_Learning/Maschine_Learning/Ferdi/Ferdi.tex:194: Missing $ inserted.
<inserted text> 
                $
l.194 ...ht=0.35\textheight, keepaspectratio]{in2_
                                                  ferdi.png}
I've inserted a begin-math/end-math symbol since I think
you left one out. Proceed, with fingers crossed.

c:/Users/kkwie/OneDrive/Dokumente/Latex/Maschine_Learning/Maschine_Learning/Ferdi/Ferdi.tex:194: Extra }, or forgotten $.
l.194 ...xtheight, keepaspectratio]{in2_ferdi.png}
                                                  
I've deleted a group-closing symbol because it seems to be
spurious, as in `$x}$'. But perhaps the } is legitimate and
you forgot something else, as in `\hbox{$x}'. In such cases
the way to recover is to insert both the forgotten and the
deleted material, e.g., by typing `I$}'.


c:/Users/kkwie/OneDrive/Dokumente/Latex/Maschine_Learning/Maschine_Learning/Ferdi/Ferdi.tex:195: LaTeX Error: \caption outside float.

See the LaTeX manual or LaTeX Companion for explanation.
Type  H <return>  for immediate help.
 ...                                              
                                                  
l.195     \caption
                  {Input-Länge von 2}
You're in trouble here.  Try typing  <return>  to proceed.
If that doesn't work, type  X <return>  to quit.


LaTeX Warning: Command \" invalid in math mode on input line 195.

c:/Users/kkwie/OneDrive/Dokumente/Latex/Maschine_Learning/Maschine_Learning/Ferdi/Ferdi.tex:195: Please use \mathaccent for accents in math mode.
\add@accent ... \let \ignorespaces \relax \accent 
                                                  #1 #2\egroup \ifmmode \els...
l.195     \caption{Input-Lä
                            nge von 2}
I'm changing \accent to \mathaccent here; wish me luck.
(Accents are not the same in formulas as they are in text.)


c:/Users/kkwie/OneDrive/Dokumente/Latex/Maschine_Learning/Maschine_Learning/Ferdi/Ferdi.tex:197: LaTeX Error: \begin{document} ended by \end{subfigure}.

See the LaTeX manual or LaTeX Companion for explanation.
Type  H <return>  for immediate help.
 ...                                              
                                                  
l.197   \end{subfigure}
                       
Your command was ignored.
Type  I <command> <return>  to replace it with another command,
or  <return>  to continue without it.

c:/Users/kkwie/OneDrive/Dokumente/Latex/Maschine_Learning/Maschine_Learning/Ferdi/Ferdi.tex:197: Missing $ inserted.
<inserted text> 
                $
l.197   \end{subfigure}
                       
I've inserted something that you may have forgotten.
(See the <inserted text> above.)
With luck, this will get me unwedged. But if you
really didn't forget anything, try typing `2' now; then
my insertion and my current dilemma will both disappear.

c:/Users/kkwie/OneDrive/Dokumente/Latex/Maschine_Learning/Maschine_Learning/Ferdi/Ferdi.tex:197: Missing } inserted.
<inserted text> 
                }
l.197   \end{subfigure}
                       
I've inserted something that you may have forgotten.
(See the <inserted text> above.)
With luck, this will get me unwedged. But if you
really didn't forget anything, try typing `2' now; then
my insertion and my current dilemma will both disappear.


c:/Users/kkwie/OneDrive/Dokumente/Latex/Maschine_Learning/Maschine_Learning/Ferdi/Ferdi.tex:198: LaTeX Error: \caption outside float.

See the LaTeX manual or LaTeX Companion for explanation.
Type  H <return>  for immediate help.
 ...                                              
                                                  
l.198   \caption
                {Entwicklung der Confusion-Matrizen (Teil 1)}
You're in trouble here.  Try typing  <return>  to proceed.
If that doesn't work, type  X <return>  to quit.


c:/Users/kkwie/OneDrive/Dokumente/Latex/Maschine_Learning/Maschine_Learning/Ferdi/Ferdi.tex:199: LaTeX Error: \begin{document} ended by \end{figure}.

See the LaTeX manual or LaTeX Companion for explanation.
Type  H <return>  for immediate help.
 ...                                              
                                                  
l.199 \end{figure}
                  
Your command was ignored.
Type  I <command> <return>  to replace it with another command,
or  <return>  to continue without it.

c:/Users/kkwie/OneDrive/Dokumente/Latex/Maschine_Learning/Maschine_Learning/Ferdi/Ferdi.tex:199: Missing } inserted.
<inserted text> 
                }
l.199 \end{figure}
                  
I've inserted something that you may have forgotten.
(See the <inserted text> above.)
With luck, this will get me unwedged. But if you
really didn't forget anything, try typing `2' now; then
my insertion and my current dilemma will both disappear.

c:/Users/kkwie/OneDrive/Dokumente/Latex/Maschine_Learning/Maschine_Learning/Ferdi/Ferdi.tex:199: Missing } inserted.
<inserted text> 
                }
l.199 \end{figure}
                  
I've inserted something that you may have forgotten.
(See the <inserted text> above.)
With luck, this will get me unwedged. But if you
really didn't forget anything, try typing `2' now; then
my insertion and my current dilemma will both disappear.

c:/Users/kkwie/OneDrive/Dokumente/Latex/Maschine_Learning/Maschine_Learning/Ferdi/Ferdi.tex:199: Missing } inserted.
<inserted text> 
                }
l.199 \end{figure}
                  
I've inserted something that you may have forgotten.
(See the <inserted text> above.)
With luck, this will get me unwedged. But if you
really didn't forget anything, try typing `2' now; then
my insertion and my current dilemma will both disappear.

c:/Users/kkwie/OneDrive/Dokumente/Latex/Maschine_Learning/Maschine_Learning/Ferdi/Ferdi.tex:199: Missing } inserted.
<inserted text> 
                }
l.199 \end{figure}
                  
I've inserted something that you may have forgotten.
(See the <inserted text> above.)
With luck, this will get me unwedged. But if you
really didn't forget anything, try typing `2' now; then
my insertion and my current dilemma will both disappear.

c:/Users/kkwie/OneDrive/Dokumente/Latex/Maschine_Learning/Maschine_Learning/Ferdi/Ferdi.tex:199: Missing } inserted.
<inserted text> 
                }
l.199 \end{figure}
                  
I've inserted something that you may have forgotten.
(See the <inserted text> above.)
With luck, this will get me unwedged. But if you
really didn't forget anything, try typing `2' now; then
my insertion and my current dilemma will both disappear.

c:/Users/kkwie/OneDrive/Dokumente/Latex/Maschine_Learning/Maschine_Learning/Ferdi/Ferdi.tex:199: Missing } inserted.
<inserted text> 
                }
l.199 \end{figure}
                  
I've inserted something that you may have forgotten.
(See the <inserted text> above.)
With luck, this will get me unwedged. But if you
really didn't forget anything, try typing `2' now; then
my insertion and my current dilemma will both disappear.

c:/Users/kkwie/OneDrive/Dokumente/Latex/Maschine_Learning/Maschine_Learning/Ferdi/Ferdi.tex:199: Extra \endgroup.
<recently read> \endgroup 
                          
l.199 \end{figure}
                  
Things are pretty mixed up, but I think the worst is over.


Overfull \hbox (25.00002pt too wide) in paragraph at lines 192--200
[]\/cmr/m/n/10 1
 []


Overfull \hbox (267.89822pt too wide) in paragraph at lines 192--200
\/cmr/m/n/10 [height=0.35keepaspectratio]in2$[]\OML/cmm/m/it/10 erdi:png[][]$
 []


Overfull \hbox (15.69447pt too wide) in paragraph at lines 192--200
\/cmr/m/n/10 En-
 []


Overfull \hbox (26.38892pt too wide) in paragraph at lines 192--200
\/cmr/m/n/10 twick-
 []


Overfull \hbox (18.88895pt too wide) in paragraph at lines 192--200
\/cmr/m/n/10 lung
 []


Overfull \hbox (13.91669pt too wide) in paragraph at lines 192--200
\/cmr/m/n/10 der
 []


Overfull \hbox (47.0001pt too wide) in paragraph at lines 192--200
\/cmr/m/n/10 Confusion-
 []


Overfull \hbox (39.19452pt too wide) in paragraph at lines 192--200
\/cmr/m/n/10 Matrizen
 []


Overfull \hbox (20.2778pt too wide) in paragraph at lines 192--200
\/cmr/m/n/10 (Teil
 []


Overfull \hbox (8.88892pt too wide) in paragraph at lines 192--200
\/cmr/m/n/10 1)
 []


c:/Users/kkwie/OneDrive/Dokumente/Latex/Maschine_Learning/Maschine_Learning/Ferdi/Ferdi.tex:201: LaTeX Error: The font size command \normalsize is not defined:
               there is probably something wrong with the class file.

See the LaTeX manual or LaTeX Companion for explanation.
Type  H <return>  for immediate help.
 ...                                              
                                                  
l.201 \newpage
              
Your command was ignored.
Type  I <command> <return>  to replace it with another command,
or  <return>  to continue without it.

[2
c:/Users/kkwie/OneDrive/Dokumente/Latex/Maschine_Learning/Maschine_Learning/Ferdi/Ferdi.tex:201: Undefined control sequence.
<write> ...{fig:ferdi:model1_gen1_tf}{{}{\thepage 
                                                  }{}{}{}}
l.201 \newpage
              
The control sequence at the end of the top line
of your error message was never \def'ed. If you have
misspelled it (e.g., `\hobx'), type `I' and the correct
spelling (e.g., `I\hbox'). Otherwise just continue,
and I'll forget about whatever was undefined.

\newlabel{fig:ferdi:model1_gen1_tf}{{}{}{}{}{}}
c:/Users/kkwie/OneDrive/Dokumente/Latex/Maschine_Learning/Maschine_Learning/Ferdi/Ferdi.tex:201: Undefined control sequence.
<write> ...{fig:ferdi:model1_gen2_tf}{{}{\thepage 
                                                  }{}{}{}}
l.201 \newpage
              
The control sequence at the end of the top line
of your error message was never \def'ed. If you have
misspelled it (e.g., `\hobx'), type `I' and the correct
spelling (e.g., `I\hbox'). Otherwise just continue,
and I'll forget about whatever was undefined.

\newlabel{fig:ferdi:model1_gen2_tf}{{}{}{}{}{}}
c:/Users/kkwie/OneDrive/Dokumente/Latex/Maschine_Learning/Maschine_Learning/Ferdi/Ferdi.tex:201: Undefined control sequence.
<write> \newlabel{chap:ferdi:loss_tf}{{}{\thepage 
                                                  }{}{}{}}
l.201 \newpage
              
The control sequence at the end of the top line
of your error message was never \def'ed. If you have
misspelled it (e.g., `\hobx'), type `I' and the correct
spelling (e.g., `I\hbox'). Otherwise just continue,
and I'll forget about whatever was undefined.

\newlabel{chap:ferdi:loss_tf}{{}{}{}{}{}}
c:/Users/kkwie/OneDrive/Dokumente/Latex/Maschine_Learning/Maschine_Learning/Ferdi/Ferdi.tex:201: Undefined control sequence.
<write> ...{fig:ferdi:model2_gen1_tf}{{}{\thepage 
                                                  }{}{}{}}
l.201 \newpage
              
The control sequence at the end of the top line
of your error message was never \def'ed. If you have
misspelled it (e.g., `\hobx'), type `I' and the correct
spelling (e.g., `I\hbox'). Otherwise just continue,
and I'll forget about whatever was undefined.

\newlabel{fig:ferdi:model2_gen1_tf}{{}{}{}{}{}}
c:/Users/kkwie/OneDrive/Dokumente/Latex/Maschine_Learning/Maschine_Learning/Ferdi/Ferdi.tex:201: Undefined control sequence.
<write> ...{fig:ferdi:model2_gen2_tf}{{}{\thepage 
                                                  }{}{}{}}
l.201 \newpage
              
The control sequence at the end of the top line
of your error message was never \def'ed. If you have
misspelled it (e.g., `\hobx'), type `I' and the correct
spelling (e.g., `I\hbox'). Otherwise just continue,
and I'll forget about whatever was undefined.

\newlabel{fig:ferdi:model2_gen2_tf}{{}{}{}{}{}}
c:/Users/kkwie/OneDrive/Dokumente/Latex/Maschine_Learning/Maschine_Learning/Ferdi/Ferdi.tex:201: Undefined control sequence.
<write> ...l{chap:ferdi:benchmark_tf}{{}{\thepage 
                                                  }{}{}{}}
l.201 \newpage
              
The control sequence at the end of the top line
of your error message was never \def'ed. If you have
misspelled it (e.g., `\hobx'), type `I' and the correct
spelling (e.g., `I\hbox'). Otherwise just continue,
and I'll forget about whatever was undefined.

\newlabel{chap:ferdi:benchmark_tf}{{}{}{}{}{}}
c:/Users/kkwie/OneDrive/Dokumente/Latex/Maschine_Learning/Maschine_Learning/Ferdi/Ferdi.tex:201: Undefined control sequence.
<write> ...fig:ferdi:model1_conf_mat}{{}{\thepage 
                                                  }{}{}{}}
l.201 \newpage
              
The control sequence at the end of the top line
of your error message was never \def'ed. If you have
misspelled it (e.g., `\hobx'), type `I' and the correct
spelling (e.g., `I\hbox'). Otherwise just continue,
and I'll forget about whatever was undefined.

\newlabel{fig:ferdi:model1_conf_mat}{{}{}{}{}{}}
c:/Users/kkwie/OneDrive/Dokumente/Latex/Maschine_Learning/Maschine_Learning/Ferdi/Ferdi.tex:201: Undefined control sequence.
<write> ...ig:ferdi:model1_conf_mat2}{{}{\thepage 
                                                  }{}{}{}}
l.201 \newpage
              
The control sequence at the end of the top line
of your error message was never \def'ed. If you have
misspelled it (e.g., `\hobx'), type `I' and the correct
spelling (e.g., `I\hbox'). Otherwise just continue,
and I'll forget about whatever was undefined.

\newlabel{fig:ferdi:model1_conf_mat2}{{}{}{}{}{}}
c:/Users/kkwie/OneDrive/Dokumente/Latex/Maschine_Learning/Maschine_Learning/Ferdi/Ferdi.tex:201: Undefined control sequence.
<write> \newlabel{fig:ferdi:in1}{{}{\thepage 
                                             }{}{}{}}
l.201 \newpage
              
The control sequence at the end of the top line
of your error message was never \def'ed. If you have
misspelled it (e.g., `\hobx'), type `I' and the correct
spelling (e.g., `I\hbox'). Otherwise just continue,
and I'll forget about whatever was undefined.

\newlabel{fig:ferdi:in1}{{}{}{}{}{}}
c:/Users/kkwie/OneDrive/Dokumente/Latex/Maschine_Learning/Maschine_Learning/Ferdi/Ferdi.tex:201: Undefined control sequence.
<write> \newlabel{fig:ferdi:in2}{{}{\thepage 
                                             }{}{}{}}
l.201 \newpage
              
The control sequence at the end of the top line
of your error message was never \def'ed. If you have
misspelled it (e.g., `\hobx'), type `I' and the correct
spelling (e.g., `I\hbox'). Otherwise just continue,
and I'll forget about whatever was undefined.

\newlabel{fig:ferdi:in2}{{}{}{}{}{}}
]

c:/Users/kkwie/OneDrive/Dokumente/Latex/Maschine_Learning/Maschine_Learning/Ferdi/Ferdi.tex:203: LaTeX Error: Environment figure undefined.

See the LaTeX manual or LaTeX Companion for explanation.
Type  H <return>  for immediate help.
 ...                                              
                                                  
l.203 \begin{figure}
                    [htbp]
Your command was ignored.
Type  I <command> <return>  to replace it with another command,
or  <return>  to continue without it.


c:/Users/kkwie/OneDrive/Dokumente/Latex/Maschine_Learning/Maschine_Learning/Ferdi/Ferdi.tex:204: LaTeX Error: Environment subfigure undefined.

See the LaTeX manual or LaTeX Companion for explanation.
Type  H <return>  for immediate help.
 ...                                              
                                                  
l.204   \begin{subfigure}
                         {1\textwidth}
Your command was ignored.
Type  I <command> <return>  to replace it with another command,
or  <return>  to continue without it.

c:/Users/kkwie/OneDrive/Dokumente/Latex/Maschine_Learning/Maschine_Learning/Ferdi/Ferdi.tex:204: Missing number, treated as zero.
<to be read again> 
                   }
l.204   \begin{subfigure}{1\textwidth}
                                      
A number should have been here; I inserted `0'.
(If you can't figure out why I needed to see a number,
look up `weird error' in the index to The TeXbook.)

c:/Users/kkwie/OneDrive/Dokumente/Latex/Maschine_Learning/Maschine_Learning/Ferdi/Ferdi.tex:204: Illegal unit of measure (pt inserted).
<to be read again> 
                   }
l.204   \begin{subfigure}{1\textwidth}
                                      
Dimensions can be in units of em, ex, in, pt, pc,
cm, mm, dd, cc, nd, nc, bp, or sp; but yours is a new one!
I'll assume that you meant to say pt, for printer's points.
To recover gracefully from this error, it's best to
delete the erroneous units; e.g., type `2' to delete
two letters. (See Chapter 27 of The TeXbook.)

c:/Users/kkwie/OneDrive/Dokumente/Latex/Maschine_Learning/Maschine_Learning/Ferdi/Ferdi.tex:206: Undefined control sequence.
l.206     \includegraphics
                          [height=0.35\textheight, keepaspectratio]{in3_ferd...
The control sequence at the end of the top line
of your error message was never \def'ed. If you have
misspelled it (e.g., `\hobx'), type `I' and the correct
spelling (e.g., `I\hbox'). Otherwise just continue,
and I'll forget about whatever was undefined.

c:/Users/kkwie/OneDrive/Dokumente/Latex/Maschine_Learning/Maschine_Learning/Ferdi/Ferdi.tex:206: Illegal unit of measure (pt inserted).
<to be read again> 
                   k
l.206 ...includegraphics[height=0.35\textheight, k
                                                  eepaspectratio]{in3_ferdi....
Dimensions can be in units of em, ex, in, pt, pc,
cm, mm, dd, cc, nd, nc, bp, or sp; but yours is a new one!
I'll assume that you meant to say pt, for printer's points.
To recover gracefully from this error, it's best to
delete the erroneous units; e.g., type `2' to delete
two letters. (See Chapter 27 of The TeXbook.)

c:/Users/kkwie/OneDrive/Dokumente/Latex/Maschine_Learning/Maschine_Learning/Ferdi/Ferdi.tex:206: Missing $ inserted.
<inserted text> 
                $
l.206 ...ht=0.35\textheight, keepaspectratio]{in3_
                                                  ferdi.png}
I've inserted a begin-math/end-math symbol since I think
you left one out. Proceed, with fingers crossed.

c:/Users/kkwie/OneDrive/Dokumente/Latex/Maschine_Learning/Maschine_Learning/Ferdi/Ferdi.tex:206: Extra }, or forgotten $.
l.206 ...xtheight, keepaspectratio]{in3_ferdi.png}
                                                  
I've deleted a group-closing symbol because it seems to be
spurious, as in `$x}$'. But perhaps the } is legitimate and
you forgot something else, as in `\hbox{$x}'. In such cases
the way to recover is to insert both the forgotten and the
deleted material, e.g., by typing `I$}'.


c:/Users/kkwie/OneDrive/Dokumente/Latex/Maschine_Learning/Maschine_Learning/Ferdi/Ferdi.tex:207: LaTeX Error: \caption outside float.

See the LaTeX manual or LaTeX Companion for explanation.
Type  H <return>  for immediate help.
 ...                                              
                                                  
l.207     \caption
                  {Input-Länge von 3}
You're in trouble here.  Try typing  <return>  to proceed.
If that doesn't work, type  X <return>  to quit.


LaTeX Warning: Command \" invalid in math mode on input line 207.

c:/Users/kkwie/OneDrive/Dokumente/Latex/Maschine_Learning/Maschine_Learning/Ferdi/Ferdi.tex:207: Please use \mathaccent for accents in math mode.
\add@accent ... \let \ignorespaces \relax \accent 
                                                  #1 #2\egroup \ifmmode \els...
l.207     \caption{Input-Lä
                            nge von 3}
I'm changing \accent to \mathaccent here; wish me luck.
(Accents are not the same in formulas as they are in text.)


c:/Users/kkwie/OneDrive/Dokumente/Latex/Maschine_Learning/Maschine_Learning/Ferdi/Ferdi.tex:209: LaTeX Error: \begin{document} ended by \end{subfigure}.

See the LaTeX manual or LaTeX Companion for explanation.
Type  H <return>  for immediate help.
 ...                                              
                                                  
l.209   \end{subfigure}
                       
Your command was ignored.
Type  I <command> <return>  to replace it with another command,
or  <return>  to continue without it.

c:/Users/kkwie/OneDrive/Dokumente/Latex/Maschine_Learning/Maschine_Learning/Ferdi/Ferdi.tex:209: Missing $ inserted.
<inserted text> 
                $
l.209   \end{subfigure}
                       
I've inserted something that you may have forgotten.
(See the <inserted text> above.)
With luck, this will get me unwedged. But if you
really didn't forget anything, try typing `2' now; then
my insertion and my current dilemma will both disappear.

c:/Users/kkwie/OneDrive/Dokumente/Latex/Maschine_Learning/Maschine_Learning/Ferdi/Ferdi.tex:209: Missing } inserted.
<inserted text> 
                }
l.209   \end{subfigure}
                       
I've inserted something that you may have forgotten.
(See the <inserted text> above.)
With luck, this will get me unwedged. But if you
really didn't forget anything, try typing `2' now; then
my insertion and my current dilemma will both disappear.


Overfull \hbox (45.8334pt too wide) in paragraph at lines 203--210
[]\/cmr/m/n/10 [htbp]
 []


Overfull \hbox (5.00002pt too wide) in paragraph at lines 203--210
\/cmr/m/n/10 1
 []


Overfull \hbox (267.89822pt too wide) in paragraph at lines 203--210
\/cmr/m/n/10 [height=0.35keepaspectratio]in3$[]\OML/cmm/m/it/10 erdi:png[][]$ 
 []


c:/Users/kkwie/OneDrive/Dokumente/Latex/Maschine_Learning/Maschine_Learning/Ferdi/Ferdi.tex:213: LaTeX Error: Environment subfigure undefined.

See the LaTeX manual or LaTeX Companion for explanation.
Type  H <return>  for immediate help.
 ...                                              
                                                  
l.213   \begin{subfigure}
                         {1\textwidth}
Your command was ignored.
Type  I <command> <return>  to replace it with another command,
or  <return>  to continue without it.

c:/Users/kkwie/OneDrive/Dokumente/Latex/Maschine_Learning/Maschine_Learning/Ferdi/Ferdi.tex:213: Missing number, treated as zero.
<to be read again> 
                   }
l.213   \begin{subfigure}{1\textwidth}
                                      
A number should have been here; I inserted `0'.
(If you can't figure out why I needed to see a number,
look up `weird error' in the index to The TeXbook.)

c:/Users/kkwie/OneDrive/Dokumente/Latex/Maschine_Learning/Maschine_Learning/Ferdi/Ferdi.tex:213: Illegal unit of measure (pt inserted).
<to be read again> 
                   }
l.213   \begin{subfigure}{1\textwidth}
                                      
Dimensions can be in units of em, ex, in, pt, pc,
cm, mm, dd, cc, nd, nc, bp, or sp; but yours is a new one!
I'll assume that you meant to say pt, for printer's points.
To recover gracefully from this error, it's best to
delete the erroneous units; e.g., type `2' to delete
two letters. (See Chapter 27 of The TeXbook.)

c:/Users/kkwie/OneDrive/Dokumente/Latex/Maschine_Learning/Maschine_Learning/Ferdi/Ferdi.tex:215: Undefined control sequence.
l.215     \includegraphics
                          [height=0.35\textheight, keepaspectratio]{in4_ferd...
The control sequence at the end of the top line
of your error message was never \def'ed. If you have
misspelled it (e.g., `\hobx'), type `I' and the correct
spelling (e.g., `I\hbox'). Otherwise just continue,
and I'll forget about whatever was undefined.

c:/Users/kkwie/OneDrive/Dokumente/Latex/Maschine_Learning/Maschine_Learning/Ferdi/Ferdi.tex:215: Illegal unit of measure (pt inserted).
<to be read again> 
                   k
l.215 ...includegraphics[height=0.35\textheight, k
                                                  eepaspectratio]{in4_ferdi....
Dimensions can be in units of em, ex, in, pt, pc,
cm, mm, dd, cc, nd, nc, bp, or sp; but yours is a new one!
I'll assume that you meant to say pt, for printer's points.
To recover gracefully from this error, it's best to
delete the erroneous units; e.g., type `2' to delete
two letters. (See Chapter 27 of The TeXbook.)

c:/Users/kkwie/OneDrive/Dokumente/Latex/Maschine_Learning/Maschine_Learning/Ferdi/Ferdi.tex:215: Missing $ inserted.
<inserted text> 
                $
l.215 ...ht=0.35\textheight, keepaspectratio]{in4_
                                                  ferdi.png}
I've inserted a begin-math/end-math symbol since I think
you left one out. Proceed, with fingers crossed.

c:/Users/kkwie/OneDrive/Dokumente/Latex/Maschine_Learning/Maschine_Learning/Ferdi/Ferdi.tex:215: Extra }, or forgotten $.
l.215 ...xtheight, keepaspectratio]{in4_ferdi.png}
                                                  
I've deleted a group-closing symbol because it seems to be
spurious, as in `$x}$'. But perhaps the } is legitimate and
you forgot something else, as in `\hbox{$x}'. In such cases
the way to recover is to insert both the forgotten and the
deleted material, e.g., by typing `I$}'.


c:/Users/kkwie/OneDrive/Dokumente/Latex/Maschine_Learning/Maschine_Learning/Ferdi/Ferdi.tex:216: LaTeX Error: \caption outside float.

See the LaTeX manual or LaTeX Companion for explanation.
Type  H <return>  for immediate help.
 ...                                              
                                                  
l.216     \caption
                  {Input-Länge von 4}
You're in trouble here.  Try typing  <return>  to proceed.
If that doesn't work, type  X <return>  to quit.


LaTeX Warning: Command \" invalid in math mode on input line 216.

c:/Users/kkwie/OneDrive/Dokumente/Latex/Maschine_Learning/Maschine_Learning/Ferdi/Ferdi.tex:216: Please use \mathaccent for accents in math mode.
\add@accent ... \let \ignorespaces \relax \accent 
                                                  #1 #2\egroup \ifmmode \els...
l.216     \caption{Input-Lä
                            nge von 4}
I'm changing \accent to \mathaccent here; wish me luck.
(Accents are not the same in formulas as they are in text.)


c:/Users/kkwie/OneDrive/Dokumente/Latex/Maschine_Learning/Maschine_Learning/Ferdi/Ferdi.tex:218: LaTeX Error: \begin{document} ended by \end{subfigure}.

See the LaTeX manual or LaTeX Companion for explanation.
Type  H <return>  for immediate help.
 ...                                              
                                                  
l.218   \end{subfigure}
                       
Your command was ignored.
Type  I <command> <return>  to replace it with another command,
or  <return>  to continue without it.

c:/Users/kkwie/OneDrive/Dokumente/Latex/Maschine_Learning/Maschine_Learning/Ferdi/Ferdi.tex:218: Missing $ inserted.
<inserted text> 
                $
l.218   \end{subfigure}
                       
I've inserted something that you may have forgotten.
(See the <inserted text> above.)
With luck, this will get me unwedged. But if you
really didn't forget anything, try typing `2' now; then
my insertion and my current dilemma will both disappear.

c:/Users/kkwie/OneDrive/Dokumente/Latex/Maschine_Learning/Maschine_Learning/Ferdi/Ferdi.tex:218: Missing } inserted.
<inserted text> 
                }
l.218   \end{subfigure}
                       
I've inserted something that you may have forgotten.
(See the <inserted text> above.)
With luck, this will get me unwedged. But if you
really didn't forget anything, try typing `2' now; then
my insertion and my current dilemma will both disappear.


c:/Users/kkwie/OneDrive/Dokumente/Latex/Maschine_Learning/Maschine_Learning/Ferdi/Ferdi.tex:219: LaTeX Error: \caption outside float.

See the LaTeX manual or LaTeX Companion for explanation.
Type  H <return>  for immediate help.
 ...                                              
                                                  
l.219   \caption
                {Entwicklung der Confusion-Matrizen (Teil 2)}
You're in trouble here.  Try typing  <return>  to proceed.
If that doesn't work, type  X <return>  to quit.


c:/Users/kkwie/OneDrive/Dokumente/Latex/Maschine_Learning/Maschine_Learning/Ferdi/Ferdi.tex:220: LaTeX Error: \begin{document} ended by \end{figure}.

See the LaTeX manual or LaTeX Companion for explanation.
Type  H <return>  for immediate help.
 ...                                              
                                                  
l.220 \end{figure}
                  
Your command was ignored.
Type  I <command> <return>  to replace it with another command,
or  <return>  to continue without it.


Overfull \hbox (25.00002pt too wide) in paragraph at lines 213--221
[]\/cmr/m/n/10 1
 []


Overfull \hbox (267.89822pt too wide) in paragraph at lines 213--221
\/cmr/m/n/10 [height=0.35keepaspectratio]in4$[]\OML/cmm/m/it/10 erdi:png[][]$
 []


Overfull \hbox (15.69447pt too wide) in paragraph at lines 213--221
\/cmr/m/n/10 En-
 []


Overfull \hbox (26.38892pt too wide) in paragraph at lines 213--221
\/cmr/m/n/10 twick-
 []


Overfull \hbox (18.88895pt too wide) in paragraph at lines 213--221
\/cmr/m/n/10 lung
 []


Overfull \hbox (13.91669pt too wide) in paragraph at lines 213--221
\/cmr/m/n/10 der
 []


Overfull \hbox (47.0001pt too wide) in paragraph at lines 213--221
\/cmr/m/n/10 Confusion-
 []


Overfull \hbox (39.19452pt too wide) in paragraph at lines 213--221
\/cmr/m/n/10 Matrizen
 []


Overfull \hbox (20.2778pt too wide) in paragraph at lines 213--221
\/cmr/m/n/10 (Teil
 []


Overfull \hbox (8.88892pt too wide) in paragraph at lines 213--221
\/cmr/m/n/10 2)
 []


c:/Users/kkwie/OneDrive/Dokumente/Latex/Maschine_Learning/Maschine_Learning/Ferdi/Ferdi.tex:222: LaTeX Error: Environment figure undefined.

See the LaTeX manual or LaTeX Companion for explanation.
Type  H <return>  for immediate help.
 ...                                              
                                                  
l.222  \begin{figure}
                     [h!]
Your command was ignored.
Type  I <command> <return>  to replace it with another command,
or  <return>  to continue without it.

c:/Users/kkwie/OneDrive/Dokumente/Latex/Maschine_Learning/Maschine_Learning/Ferdi/Ferdi.tex:224: Undefined control sequence.
l.224     \includegraphics
                          [width=1\textwidth]{model1_confidence_ferdi.png}
The control sequence at the end of the top line
of your error message was never \def'ed. If you have
misspelled it (e.g., `\hobx'), type `I' and the correct
spelling (e.g., `I\hbox'). Otherwise just continue,
and I'll forget about whatever was undefined.

c:/Users/kkwie/OneDrive/Dokumente/Latex/Maschine_Learning/Maschine_Learning/Ferdi/Ferdi.tex:224: Missing number, treated as zero.
<to be read again> 
                   ]
l.224     \includegraphics[width=1\textwidth]
                                             {model1_confidence_ferdi.png}
A number should have been here; I inserted `0'.
(If you can't figure out why I needed to see a number,
look up `weird error' in the index to The TeXbook.)

c:/Users/kkwie/OneDrive/Dokumente/Latex/Maschine_Learning/Maschine_Learning/Ferdi/Ferdi.tex:224: Illegal unit of measure (pt inserted).
<to be read again> 
                   ]
l.224     \includegraphics[width=1\textwidth]
                                             {model1_confidence_ferdi.png}
Dimensions can be in units of em, ex, in, pt, pc,
cm, mm, dd, cc, nd, nc, bp, or sp; but yours is a new one!
I'll assume that you meant to say pt, for printer's points.
To recover gracefully from this error, it's best to
delete the erroneous units; e.g., type `2' to delete
two letters. (See Chapter 27 of The TeXbook.)

c:/Users/kkwie/OneDrive/Dokumente/Latex/Maschine_Learning/Maschine_Learning/Ferdi/Ferdi.tex:224: Missing $ inserted.
<inserted text> 
                $
l.224 ...ncludegraphics[width=1\textwidth]{model1_
                                                  confidence_ferdi.png}
I've inserted a begin-math/end-math symbol since I think
you left one out. Proceed, with fingers crossed.

c:/Users/kkwie/OneDrive/Dokumente/Latex/Maschine_Learning/Maschine_Learning/Ferdi/Ferdi.tex:224: Extra }, or forgotten $.
l.224 ...1\textwidth]{model1_confidence_ferdi.png}
                                                  
I've deleted a group-closing symbol because it seems to be
spurious, as in `$x}$'. But perhaps the } is legitimate and
you forgot something else, as in `\hbox{$x}'. In such cases
the way to recover is to insert both the forgotten and the
deleted material, e.g., by typing `I$}'.


c:/Users/kkwie/OneDrive/Dokumente/Latex/Maschine_Learning/Maschine_Learning/Ferdi/Ferdi.tex:225: LaTeX Error: \caption outside float.

See the LaTeX manual or LaTeX Companion for explanation.
Type  H <return>  for immediate help.
 ...                                              
                                                  
l.225     \caption
                  {Maximale Wahrscheinlichkeiten für den nächsten Token in...
You're in trouble here.  Try typing  <return>  to proceed.
If that doesn't work, type  X <return>  to quit.


LaTeX Warning: Command \" invalid in math mode on input line 225.

c:/Users/kkwie/OneDrive/Dokumente/Latex/Maschine_Learning/Maschine_Learning/Ferdi/Ferdi.tex:225: Please use \mathaccent for accents in math mode.
\add@accent ... \let \ignorespaces \relax \accent 
                                                  #1 #2\egroup \ifmmode \els...
l.225 ...caption{Maximale Wahrscheinlichkeiten fü
                                                  r den nächsten Token in A...
I'm changing \accent to \mathaccent here; wish me luck.
(Accents are not the same in formulas as they are in text.)


LaTeX Warning: Command \" invalid in math mode on input line 225.

c:/Users/kkwie/OneDrive/Dokumente/Latex/Maschine_Learning/Maschine_Learning/Ferdi/Ferdi.tex:225: Please use \mathaccent for accents in math mode.
\add@accent ... \let \ignorespaces \relax \accent 
                                                  #1 #2\egroup \ifmmode \els...
l.225 ...aximale Wahrscheinlichkeiten für den nä
                                                  chsten Token in Abhängigk...
I'm changing \accent to \mathaccent here; wish me luck.
(Accents are not the same in formulas as they are in text.)


LaTeX Warning: Command \" invalid in math mode on input line 225.

c:/Users/kkwie/OneDrive/Dokumente/Latex/Maschine_Learning/Maschine_Learning/Ferdi/Ferdi.tex:225: Please use \mathaccent for accents in math mode.
\add@accent ... \let \ignorespaces \relax \accent 
                                                  #1 #2\egroup \ifmmode \els...
l.225 ...hkeiten für den nächsten Token in Abhä
                                                  ngigkeit der Input-Länge}
I'm changing \accent to \mathaccent here; wish me luck.
(Accents are not the same in formulas as they are in text.)


LaTeX Warning: Command \" invalid in math mode on input line 225.

c:/Users/kkwie/OneDrive/Dokumente/Latex/Maschine_Learning/Maschine_Learning/Ferdi/Ferdi.tex:225: Please use \mathaccent for accents in math mode.
\add@accent ... \let \ignorespaces \relax \accent 
                                                  #1 #2\egroup \ifmmode \els...
l.225 ...sten Token in Abhängigkeit der Input-Lä
                                                  nge}
I'm changing \accent to \mathaccent here; wish me luck.
(Accents are not the same in formulas as they are in text.)


c:/Users/kkwie/OneDrive/Dokumente/Latex/Maschine_Learning/Maschine_Learning/Ferdi/Ferdi.tex:227: LaTeX Error: \begin{document} ended by \end{figure}.

See the LaTeX manual or LaTeX Companion for explanation.
Type  H <return>  for immediate help.
 ...                                              
                                                  
l.227 \end{figure}
                  
Your command was ignored.
Type  I <command> <return>  to replace it with another command,
or  <return>  to continue without it.

c:/Users/kkwie/OneDrive/Dokumente/Latex/Maschine_Learning/Maschine_Learning/Ferdi/Ferdi.tex:227: Missing $ inserted.
<inserted text> 
                $
l.227 \end{figure}
                  
I've inserted something that you may have forgotten.
(See the <inserted text> above.)
With luck, this will get me unwedged. But if you
really didn't forget anything, try typing `2' now; then
my insertion and my current dilemma will both disappear.

c:/Users/kkwie/OneDrive/Dokumente/Latex/Maschine_Learning/Maschine_Learning/Ferdi/Ferdi.tex:227: Missing } inserted.
<inserted text> 
                }
l.227 \end{figure}
                  
I've inserted something that you may have forgotten.
(See the <inserted text> above.)
With luck, this will get me unwedged. But if you
really didn't forget anything, try typing `2' now; then
my insertion and my current dilemma will both disappear.

)
! Emergency stop.
<*> ..._Learning/Maschine_Learning/Ferdi/Ferdi.tex
                                                  
*** (job aborted, no legal \end found)

 
Here is how much of TeX's memory you used:
 54 strings out of 467871
 1121 string characters out of 5418377
 472733 words of memory out of 5000000
 29029 multiletter control sequences out of 15000+600000
 628029 words of font info for 41 fonts, out of 8000000 for 9000
 1141 hyphenation exceptions out of 8191
 23i,9n,32p,279b,140s stack positions out of 10000i,1000n,20000p,200000b,200000s
!  ==> Fatal error occurred, no output PDF file produced!
